crawlTime,mainSummary,rumorType,title
2020-02-24,2月23日...,fake,国家体育总局下发4月30日前禁止办赛通知
2020-02-19,世界卫生组织辟谣 ：不能，肺炎球菌疫苗和乙型流感嗜血杆菌疫苗等肺炎疫苗不能预防新冠肺炎,fake,普通肺炎的疫苗能预防新冠病毒
2020-01-29,在法国，无论是“黄马甲”运动还是大罢工，目前都并未结束...,fake,一个武汉女人终结了法国大罢工，法国人都去抢口罩了
2020-02-21,经查证，这是一条电脑合成的焰火视频...,fake,武汉长江大桥燃放烟花驱疫
2020-02-08,网传消息并没有罗列出将在上海哪些主干道、用什么药物进行消毒作业...,fake,上海主干道今晚12点大面积消毒，10点后不要出门
2020-03-01,2月29日上午，河南省卫生健康委宣传处相关负责人表示...,fake,河南省正式公布各市县区疫情等级名单
2020-02-14,与普通肥皂相比...,fake,含有抗菌成分的肥皂比普通肥皂有效
2020-02-03,关于新冠病毒感染肺炎的潜在有效药物瑞德西韦（remdesivir）...,fake,特朗普同意将新冠肺炎潜在有效药瑞德西韦专利豁免
2020-01-29,青岛交通运输局辟谣：消息不属实,fake,青岛公交线路停运安排调整
2020-02-19,丁香医生团队：暂不明确。要重视，但不必恐慌,doubt,新冠病毒可通过气溶胶传播
2020-01-29,台州网警辟谣：纯属谣言,fake,从武汉回大溪镇被抓走
2020-02-19,丁香医生团队：莫恐慌，可能并非时间长短的问题,doubt,15 秒未戴口罩接触病患被感染
2020-01-27,不能。此次引发武汉肺炎的新型冠状病毒，被发现对温度敏感...,fake,多喝60度的开水能预防新型肺炎
2020-02-01,目前研究信息还未披露，尚无有力证据证明其疗效...,doubt,双黄连口服液可抑制新型冠状病毒
2020-01-31,杭州市“冠状病毒肺炎”防控指挥部：不实信息,fake,将有6万武汉人员来杭
2020-01-30,长江日报记者就此事马上联系了武汉市红十字会...,fake,1月30日传拿介绍信可到武汉市红十字会领取物资
2020-02-19,中国最新研究表明：新型冠状病毒未发生明显的变异...,fake,温州出现新病毒，490例里40%是全新变异的病毒
2020-01-29,丁香医生团队辟谣：抗生素作用于细菌，对病毒无效。,fake,吃抗生素可以预防新冠病毒
2020-01-29,北京政府新闻办官微回应：假的,fake,北京三百多人死亡
2020-01-26,草莓是一种挺好的水果，作为均衡饮食的一部分没有什么不好...,fake,多吃草莓可以预防新型冠状病毒肺炎
2020-02-08,白酒是酒精的水溶液，在温度降低到凝固点时...,fake,白酒放冰箱冷冻室能制作75%的酒精
2020-03-03,国家体育总局体育科学研究所研究员徐建方：长时间大强度的运动，会导致身体机能失调，免疫功能下降,fake,疫情期间大强度锻炼可提高抵抗力
2020-02-09,“山东兰陵县146万人目前无一感染”是不实信息。2月4日...,fake,山东兰陵县146万人无一感染，因其为大蒜种植区
2020-04-14,国家卫健委在1月28日发布的《新冠病毒感染的肺炎防控方案》（第三版...,fake,无症状感染者是新冠病毒后期的特征
2020-02-19,丁香医生团队辟谣：要分情况，对于一般小区的居民，能开窗通风,fake,空气里有气溶胶，绝不能开窗通风
2020-03-02,丁香医生团队辟谣：目前没有任何动物和临床研究数据证实这种说法的可靠性,fake,吃降压药会增加感染病毒的风险
2020-04-05,卡介苗是预防儿童结核性脑膜炎和粟粒性结核的疫苗...,doubt,卡介苗能够抵御新冠病毒
2020-02-22,中科院院士周琪：新冠病毒不能通过皮肤侵入人体,fake,新冠病毒会通过皮肤侵入人体
2020-02-14,这个方法可行，但需要一定的改进。口罩密封前一定要保证晾干...,doubt,准备15个口罩，一天一个，用完密封，可以循环使用
2020-04-04,4月3日，山东省教育厅通过官方微信公众号发布消息...,true,山东省已确定开学时间：高中毕业年级4月15日开学
2020-03-03,流传文章说捐口罩的女子轰动海外社交网站。实际上...,fake,中国女子给美国捐赠20万只口罩后获得绿卡
2020-02-11,传言源自商家对《新型冠状病毒感染的肺炎诊疗方案（第五版）》中有关肠...,fake,益生菌能防治新型冠状病毒肺炎
2020-03-20,欧盟专员布雷顿(Thierry Breton) 与网飞公司CEO ...,true,因带宽压力，欧盟敦促网飞等平台停止提供高清视频
2020-03-28,3月27日，辽宁省教育厅已发布官方声明，根据声明，从4月中旬起...,fake,辽宁省教育局3月28日前公布了各学校具体开学时间
2020-02-17,目前只是基于一些初步的细胞实验和动物实验进行的演绎...,doubt,灵芝可以预防新型冠状病毒
2020-01-25,“洛匹那韦利托那韦片”是抗HIV病毒的药物...,doubt,抗艾滋药物洛匹那韦利托那韦片可有效治疗武汉肺炎
2020-02-10,迄今为止没有猪被新冠病毒感染的报道...,fake,吃猪肉会感染新型冠状病毒
2020-03-02,折叠式和拱形口罩的正反面非常容易区分，佩戴时...,doubt,可以通过褶皱方向、鼻夹或耳带来判断口罩正反面
2020-01-30,丁香医生团队查证：均为编造,fake,别吃草鱼，某地有121个鱼塘感染
2020-02-04,外出回家后，可将鞋子置于门外通风的地方，或者放在玄关处...,doubt,出门回来后，一定要对鞋喷洒消毒水或把鞋放在门外
2020-03-31,无症状感染者可分为两种情形：一是感染者核酸检测阳性...,true,新型冠状病毒无症状感染者存在传播风险
2020-03-10,天津交警官方微博对此回应称：“3月16日起天津恢复尾号限行”的传闻...,fake,3月16日起天津恢复尾号限行
2020-01-31,丁香医生团队辟谣：目前新冠病毒的感染已超出人兽范围,fake,不吃野味就不会被感染
2020-01-24,福州机场地服工作人员向新京报记者表示...,fake,周杰伦去福州参加活动，自备隔离箱
2020-02-19,平安天津辟谣：实为男子杀人未遂后引燃汽油,fake,有人在身上喷消毒水烧着了
2020-02-07,不能！家用电吹风的一般有可选择冷风、自然风，暖风和热风，其中...,fake,电吹风强档对面罩、面部和手部吹30秒就能消毒
2020-02-19,丁香医生团队辟谣：真没必要用这样的方式去检查有没有肺炎,fake,深呼吸再憋十秒可测是否有肺炎
2020-03-12,据NBA官方确认，2019-2020赛季暂停...,true,NBA官方确认暂停2019-2020赛季
2020-04-01,网传视频为电视剧《Triunfo del amor》（《爱的胜利》...,fake,视频：意大利情侣双双感染新冠肺炎，病房永别后去世
2020-02-19,丁香医生团队辟谣：益生菌是否能提高免疫力都有待商榷，更别说预防新冠肺炎了,fake,益生菌能提高免疫力预防新冠肺炎
2020-01-29,经查证：系编造,fake,多喝单枞茶多吃草莓可防肺炎
2020-01-29,经首发信息中心核实：没有路段采取封闭措施,fake,北京高速封路
2020-02-11,拿装水的塑料袋可以用来挡一挡老鼠...,fake,塑料袋装水堵地漏，能防止气溶胶传播病毒
2020-03-27,去世的并不是西班牙歌唱家帕拉西多·多明戈...,fake,世界男高音多明戈因新冠肺炎于3月26日去世
2020-03-14,流传消息中因新冠肺炎去世的罗伯托·斯特拉（Roberto Stel...,fake,意大利卫生部长感染新型冠状病毒去世
2020-02-24,美国疾控中心独家回应：目前无证据支持,doubt,美 1.4 万流感死者或部分死于新冠
2020-02-21,中国疾控中心研究员冯录召：循环使用的地铁票沾染病毒的概率非常低。,doubt,地铁票会传播新冠病毒
2020-01-30,丁香医生团队辟谣：现有研究证据不足，过度服用会中毒,doubt,服用VC可以预防感染
2020-01-31,丁香医生团队辟谣：太阳的照射温度达不到 56℃，且日照紫外线也达不到紫外线消毒灯的强度,fake,晒太阳可以杀灭新型冠状病毒
2020-01-29,丁香医生团队辟谣：没有证据证明大蒜有抗病毒效果,fake,吃大蒜、喝大蒜水可以杀灭新冠吗
2020-01-30,酒精对新型冠状病毒的消毒是有效的，但是需要达到75%的浓度才行...,doubt,花露水酒精含量70-75%，能有效预防新冠病毒
2020-02-19,丁香医生团队辟谣：不实言论，存在蓄意误导的可能性,fake,印度学者：新冠病毒是人造的
2020-02-13,钟南山团队的论文...,fake,钟南山团队研究表明，吸烟者病毒感染率远低于非烟民
2020-02-19,中国生物：治疗性新冠特免血浆制品已投入临床，患者重点指标向好，临床体征和症状好转,true,康复者血液有可能治好新冠肺炎
2020-02-26,“村民闲逛背防疫手册”的信息在西安兰州阜阳等地都出现过，图片一样...,fake,陕西甘肃湖南的村民在公园闲逛被要求背防疫手册
2020-03-02,近几年...,doubt,青蒿素可以治疗新型冠状病毒肺炎
2020-01-29,丁香医生团队辟谣：无论有没有疫情，出门都建议戴,fake,身边没有疫情不用戴口罩
2020-03-10,中国商务部已于3月5日明确指出...,fake,中国禁止医用口罩出口
2020-02-12,左氧氟沙星滴眼液主要用来治疗多种病原体（包括细菌、支原体、衣原体等...,fake,左氟沙星眼药水可以防止新冠病毒从眼部进入
2020-02-06,关于网传的“日本竹务工务店的高级规划师木间雄二先生”，经检索...,fake,武汉火神山医院是日本人设计的
2020-02-19,丁香医生团队辟谣：没有证据支持「环保酵素能消毒」，环保酵素存在安全隐患，且可能是违法产品,fake,环保酵素可以消灭新冠病毒
2020-01-29,丁香医生团队辟谣：暂无证据证明会传染猫狗,fake,家里的宠物会传播病毒
2020-02-27,苦木注射液清热，解毒，消炎...,doubt,苦木注射液对新冠肺炎的治疗有效
2020-01-31,目前没有明确的临床研究证实吃糖与新型冠状病毒感染发病之间的关系...,doubt,吃糖会降低身体免疫力，导致易感染病毒
2020-03-21,新华社3月21日发布快讯，中国球员武磊确诊感染新冠病毒...,true,中国球员武磊在西班牙确诊感染新冠病毒
2020-01-29,丁香医生团队辟谣：适用于流感治疗，对新冠病毒无效,fake,吃奥司他韦可以预防新冠病毒
2020-02-07,美国知名的辟谣网站Snopes.com已率先辟谣...,fake,中国政府为控制疫情要杀2万人
2020-01-29,丁香医生团队辟谣：利巴韦林无法作用于新型冠状病毒,fake,吃利巴韦林可以预防新冠病毒
2020-02-25,该男子86岁，1月26日确诊新冠肺炎，2月17日治愈出院...,true,深圳一“新冠肺炎已治愈患者”闯地铁致安检员被隔离
2020-03-02,刘良教授辟谣：没有干预过任何个例的临床治疗,fake,改用吸痰机后，武汉死亡人数减半
2020-01-31,丁香医生团队辟谣：浓度为 60% - 80% 的乙醇才有效,fake,酒精浓度越高，消毒效果越好
2020-02-19,丁香医生团队辟谣：无论是吃还是闻都不能预防新冠肺炎,fake,洋葱可以预防新冠肺炎
2020-02-19,钟南山院士回应：是有可能的，粪便是否传染病毒值得高度警惕,doubt,新冠病毒会通过粪口传播
2020-04-01,空气传播指的是飞沫核内存在微生物...,doubt,新型冠状病毒可以通过空气传播
2020-01-25,据从西安市鄠邑区新型冠状病毒感染肺炎防控指挥部办公室了解到...,fake,西安一名新型肺炎患者从医院逃离 
2020-03-05,较真检索公开报道和资料，截至3月5日早上9点...,fake,钟南山近日出征欧洲，指导其他国家抗击疫情
2020-01-29,其实是误解,fake,日本派出千名医疗人员
2020-01-29,武汉建工集团路桥分公司回应：多层保护，保证污水流入处理中心,fake,火神山项目污染水源
2020-02-09,气溶胶是指固体或液体微粒稳定地悬浮于气体介质中形成的分散体系...,true,气溶胶多在ICU因呼吸机等操作产生，一般环境罕见
2020-01-30,中科院辟谣：并非同一种,fake,新冠病毒2018年就发现了
2020-02-11,如果烤箱能够保证恒温，不会一开始是60度...,doubt,口罩放到烤箱烤30分钟后还可以继续使用
2020-02-19,丁香医生团队查证：各城市版本的均为编造，正规渠道售卖的仍可放心吃,fake,别吃鱼，某地有 121 个鱼塘感染
2020-03-24,根据12360海关热线官方微博发布的信息...,fake,海关不允许携带或寄递口罩出境
2020-03-01,经查，该信息不实。截至2月29日...,fake,大批华侨包机从国外回安徽避难
2020-02-25,天津大学：疫苗初步成型，但距离上市尚早,fake,新冠肺炎疫苗已研制成功
2020-01-27,“SARS病毒是生物武器”的阴谋论是出口转内销，内容东拼西凑...,fake,非典是美国专门针对中国的生物战，是种族灭绝计划
2020-01-29,丁香医生团队辟谣：没用，甚至可能中毒,fake,熏艾可以预防新冠肺炎
2020-02-10,这样的方法不科学，也毫无意义，不建议大家自测...,fake,深呼吸后屏气5-10秒，如果没咳嗽，说明没有肺炎
2020-01-30,医用口罩的防护作用主要在其中的过滤层...,doubt,口罩水蒸过晒干、喷酒精、紫外线灯照射后可以再用
2020-03-12,口罩的种类繁多。一部分对于防护性能要求较高的口罩...,fake,戴口罩可以吹灭蜡烛打火机火苗，说明口罩不合格
2020-01-29,丁香医生团队辟谣：香蕉并不是新型冠状病毒的宿主,fake,新冠肺炎是香蕉导致的
2020-02-19,丁香医生团队：不能排除有这一可能,doubt,新冠病毒会通过下水道传播
2020-03-25,红星新闻记者联系了该剧集出品方相关人士...,fake,首部抗疫剧钟南山饰演者已确定为陈道明
2020-02-23,据武汉大华社区业主上传的《关于洪山街大华社区2月20日疫情通报的情...,fake,武汉两名新冠肺炎患者治愈后复发
2020-01-30,世界卫生组织回应：目前没有证据显示狗猫等宠物会感染新型冠状病毒,doubt,人会传染宠物
2020-01-29,南京发布辟谣：从未收到过相关命令,fake,南京封城、封路
2020-02-03,多家药店工作人员在接收记者电话采访时均表示并没有接到投放口罩的通知...,fake,2月3日起北京1000个药房每天投放300万口罩
2020-03-14,当地时间3月13日中午...,fake,巴西总统博索纳罗确诊新冠肺炎
2020-04-12, 4月12日下午，北京市召开疫情防控新闻发布会...,true,北京市于4月12日官宣高三初三年级返校时间
2020-02-04,新冠肺炎患者的粪便中确实查到了病毒核酸，但是病毒是否还有感染力...,doubt,下水道有传染新型冠状病毒风险
2020-02-19,丁香医生团队：目前仅有一篇论文提到，并非定论,doubt,新冠病毒可能伤睾丸和伤肾
2020-04-14,4月2日...,doubt,氯喹和羟氯喹可以有效治疗新冠肺炎
2020-02-04,首先酒精喷到空气中是无效的。酒精雾化之后，会慢慢挥发...,true,使用酒精消毒，别往空气中喷，也别随便往自己身上喷
2020-03-18,武汉广播电视台通过其官方微博回应网传说法：记者已核实...,fake,市政府会仪（议）精神：3月22日可点对点返鄂返汉
2020-03-08,上游新闻采访了李跃华本人，李跃华称：我不知道...,fake,李跃华夫妇受韩国邀请前往抗疫，代表国家出征邻国
2020-01-31,传言中陈皮里面的柠檬烯的抗感染抗新型冠状病毒作用...,fake,特殊时期多喝陈皮水，陈皮能预防和治疗新型冠状病毒
2020-01-29,丁香医生团队辟谣：熏醋杀不死新型冠状病毒,fake,熏醋可以预防新冠
2020-03-06,“意大利有86名嫖客被隔离在妓院里14天”是一个彻头彻尾的谣言...,fake,意大利86人因新冠肺炎被隔离在妓院里14天
2020-02-01,从新闻报道提供的信息来看...,fake,金银花和绿茶能防控新冠病毒感染
2020-04-17,“比尔·盖茨计划清除人类”的阴谋论起码在2016年就已经出现...,fake,比尔·盖茨利用新冠疫情控制人口，完成人类清除计划
2020-01-22,青岛市公安局即墨分局通报称，即墨警方迅速组织力量展开调查...,fake,山东即墨区发现疑似新型冠状病毒感染的肺炎病例
2020-01-29,从最新的全国疫情新增趋势图来看...,fake,武大人民医院医生提醒：29、30号两天是爆发期
2020-01-31,世界卫生组织回应：目前没有证据显示狗猫等宠物会感染新型冠状病毒,doubt,人会传染宠物
2020-01-30,目前尚无证据支持新型冠状病毒会通过血液传播...,doubt,新型冠状病毒会通过血液传播
2020-03-10,网络流传的“河南省教育局关于全省开学的通知”为谣言...,fake,河南省中小学幼儿园3月14日起陆续开学
2020-01-29,呼吸疾病国家重点实验室办公室：系谣言,fake,钟南山院士被传染
2020-01-25,关于“钟南山院士建议全中国人民在家隔离两周”的传言...,fake,钟南山院士建议：全中国人民在家隔离两周
2020-01-29,丁香医生团队辟谣：暂无证据证明会传染猫狗,fake,家里的宠物会传播病毒
2020-04-09,北京市委教育工委、市教委表示“北京高三4月27日开学...,fake,北京市于4月8日宣布高三年级4月27日开学
2020-04-12,4月11日，张文宏在接受人民日报专访时表示...,fake,张文宏说武汉已经实现群体免疫
2020-02-04,网传图片为钟南山院士与W. Ian Lipkin教授合影...,fake,钟南山院士在机场亲自迎接吉利德公司老总
2020-03-22,流传图片里的“战地医院”并非来自美国...,fake,美国24小时内搭建180座野战医院，遍布美国各地
2020-03-06,国家林草局相关负责人2月20日向中新社表示...,fake,牛蛙、甲鱼等已被列入禁食名单
2020-01-25,这条传言发现多地均出现此消息，相同的内容，只是更换了地名...,fake,浙BL0535车上人员感染病毒正前往某地
2020-02-19,WHO 辟谣：没有证据表明，经常用生理盐水冲洗鼻子可以防止感染新冠病毒,fake,用生理盐水洗鼻子可预防新冠病毒
2020-02-28,丁香医生团队查证：该谣言系 2018 年的旧谣言，造谣者已被查处,fake,十三名男女生感染 sk5 病毒
2020-02-20,首先，没有报道称“自来水中在允许的范围内加大了氯气的注入”...,fake,自来水采用上限标准加氯消毒，用水时最少静置两小时
2020-01-22,京天成这次通报成功研制的抗体叫“2019冠状病毒N蛋白抗体”...,fake,新型冠状病毒抗体能治疗和预防肺炎
2020-01-29,湖北政协辟谣：消息不属实,fake,华南海鲜老板是政协原副主席儿媳
2020-02-10,网传“北京市2月10日晚12点对全市主干道进行大面积消杀、消毒工作...,fake,北京2月10日晚对全市主干道进行大面积消毒工作
2020-02-04,据@武汉消防通报...,fake,楼上扔烟头，楼下正在酒精消毒，导致火灾
2020-01-31,上海海关辟谣：海关不会征用你的口罩！,fake,私人邮寄口罩被海关征用
2020-02-19,最近有研究发现，新冠病毒会损伤肾脏和睾丸...,doubt,新型冠状病毒损伤肾脏和睾丸，因此会影响生育
2020-02-08,目前没有看到临床研究或者报道...,fake,瑞德西韦的副作用比化疗严重，杀敌八百自损一千
2020-01-31,丁香医生团队辟谣：根本没有「疫区国」的概念,fake,中国被列入疫区国
2020-02-23,2月23日零时许，纺机社区辟谣：假的。并表示截至2月22日...,fake,武汉一小区因团购导致30多人感染新冠肺炎
2020-01-25,目前还没有研究比较不同型号的N95口罩在预防病毒性呼吸道传染病方面...,fake,带呼吸阀的N95口罩对新型冠状病毒没有防护作用
2020-03-24,网上流传的图片是湖北省疫情防控指挥部发布的《关于国家及各省援鄂疾控...,fake,湖北疫情反弹医疗队暂缓离鄂
2020-01-26,据南方PLUS《官宣！广州不会封城》报道：目前，市场供应充足...,fake,广州要封城
2020-02-07,通过果蔬传染新冠病毒...,fake,吃水果蔬菜会感染新型冠状病毒
2020-01-30,丁香医生团队辟谣：30秒太短，真吹半小时容易受伤。还是好好洗手，做好清洁吧。,fake,电吹风对手和面部吹30秒能消毒
2020-01-29,丁香医生团队辟谣：口罩用过后直接丢弃即可,fake,口罩用过要剪碎或消毒
2020-03-02,丁香医生团队辟谣：目前没有任何动物和临床研究数据证实这种说法的可靠性,fake,服用降压药会增加感染新冠病毒的风险
2020-04-08,张文宏在接受财新记者采访时表示：我可以负责任地讲...,fake,张文宏医生自曝收入和全家福
2020-01-29,丁香医生团队辟谣：没有预防作用，过度服用会中毒,fake,服用VC可以预防感染
2020-02-26,不建议使用除菌卡（消毒卡）来预防新型冠状病毒...,doubt,日本除菌卡（消毒卡）挂身上能预防新型冠状病毒
2020-01-29,丁香医生团队辟谣：没有证据证明大蒜有抗病毒效果,fake,吃大蒜可以杀灭新冠病毒吗
2020-01-31,丁香医生团队辟谣：30 秒太短，真吹半小时容易受伤,fake,电吹风对手和面部吹30秒能消毒
2020-01-29,丁香医生团队辟谣：佩戴多层口罩可能造成呼吸不畅,fake,戴多层口罩才能防住病毒
2020-03-08,鼻窦是鼻腔里的孔洞，人有4对8个鼻窦...,fake,每天用肥皂洗鼻窦可以降低感染肺炎风险
2020-03-19,据湖北文艺网官方消息及湖北日报相关报道，2月16日...,doubt,援鄂医务人员均可获一枚纪念章，全家终生免费游湖北
2020-02-06,中日友好医院相关负责人回复较真团队，目前新药还在三期临床试验中...,fake,瑞德西韦生效，17-40小时病人好转90%以上
2020-02-21,相关部门：未发布相关名单,fake,牛蛙被列入禁食名单
2020-02-16,病人咳嗽和喷嚏的飞沫通常会在数分钟后落下，不会长时间漂浮在空气中...,fake,下雪天不要玩雪，会感染新型冠状病毒
2020-02-19,WHO 证实：到目前为止，还没有专门用于预防和治疗新冠病毒的药物,true,目前还没有可防治新冠病毒的药物
2020-01-29,李兰娟院士辟谣：现在发生的大量的病人根本就不用激素,fake,治疗主要靠激素，会成为废人
2020-01-26,维生素C存在新鲜蔬菜和水果中，是人类所必需的营养物质，具有抗氧化...,fake,维C可以预防新型冠状病毒肺炎
2020-01-29,泰移民局辟谣：纯属谣言！,fake,泰签可续签15-60天
2020-02-04,据@平安天津 通报，网传视频画面为一起刑事案件。经调查...,fake,天津一男子喷酒精消毒后开车抽烟引发燃烧
2020-02-19,丁香医生团队辟谣：养猫狗对身心健康有好处，但对预防新冠病毒感染没有帮助,fake,养猫狗可以预防新冠病毒感染
2020-03-20,该微信公号3月19日确实发布了关于某市开学的消息...,fake,成都已通告中小学分别在4月7、13、20日开学
2020-02-04,首先，钟南山院士并未说过：到目前为止，武汉城家有猫咪和狗狗的家庭...,fake,养宠物的家庭不会感染新型冠状病毒
2020-02-10,济南市卫健委紧急公开辟谣，此消息不属实，系谣言。,fake,济南市2月10日晚上12点大面积消杀、消毒
2020-02-19,丁香医生团队辟谣：目前没有证据表明蜂疗能治愈新冠肺炎,fake,蜂疗能治愈新冠肺炎
2020-01-31,丁香医生团队辟谣：补水挺好，预防病毒没用,fake,喝茶可以预防新冠病毒
2020-02-19,张文宏教授：中央空调有传播疾病的可能,true,中央空调会传染病毒
2020-02-15,花椒水做调料就好了...,fake,煮好的花椒水可以医治新型冠状病毒肺炎
2020-01-29,钟南山院士团队辟谣：漱口没有办法清洁呼吸道,fake,盐水漱口能预防感染
2020-01-27,目前已经证实，新型冠状病毒能够通过空气传播。但并不是说...,fake,新型冠状病毒已经混合在空气里，一旦呼吸就会致病
2020-02-24,解放日报辟谣：口罩是否可以被点燃，不是鉴别口罩真伪的标准,fake,中间层烧不着的口罩才是真的
2020-01-30,丁香医生团队查证：青海、南宁、丽江等各城市版本的均为编造。正规渠道售卖的仍可放心吃。,fake,别吃草鱼，某地有121个鱼塘感染
2020-03-18,“天津市委市政府发布会议精神”信息为谣言...,fake,天津大中小学、幼儿园开学时间3月17日前已确定
2020-02-08,在中国政府网上信息公开版块“最新政策”中...,fake,春节假期再次延长至2月20日
2020-02-19,丁香医生团队辟谣：现有临床研究数据不足，不建议用双黄连预防新冠病毒,fake,双黄连可以预防新冠病毒
2020-01-31,中科院辟谣：并非同一种,fake,新冠病毒2018年就发现了
2020-02-05,在室内当感染者打喷嚏、说话或咳嗽时...,fake,新风系统会传播病毒，导致感染新型冠状病毒肺炎
2020-02-28,香港食卫局长陈肇始强调：虽查到弱阳性，但无证据显示狗会传播新冠病毒给人,true,确诊者家中的狗检测呈弱阳性
2020-03-02,针灸是一种传统医学中的治疗方式。此前针对针灸到底是否有效...,doubt,李跃华的穴位注射苯酚疗法对新冠肺炎治疗有效
2020-02-02,乳酸菌素的作用类似于酸奶，对于肠道菌群可能有一定作用...,fake,乳酸菌素片可以治疗新型冠状病毒肺炎
2020-02-19,丁香医生团队辟谣：人体是恒温的，会散热。真保持体温 56℃ 半小时的话，那杀死的怕不只是病毒了,fake,喝 60℃ 的水可以杀死病毒
2020-02-19,丁香医生团队辟谣：浓度 60-80% 都有效，65-75% 效果最佳,fake,酒精浓度越高，消毒效果越好
2020-02-17,杨桃叶子煮水在印度传统医学中被认为有各种功效...,fake,杨桃叶子泡水喝能预防新型冠状病毒
2020-01-28,预防呼吸道感染的最重要措施就是：佩戴口罩，勤洗手，加强通风...,doubt,喷嚏可打8米远，病毒可悬浮24小时
2020-03-24,招工简章中的联系电话已关机...,fake,中铁十九局发布意大利建方舱医院招工简章
2020-01-25,1月25日早上9点12分...,doubt,湖北新华医院耳鼻喉科医生梁武东因感染新冠肺炎去世
2020-02-19,丁香医生团队提醒：潜伏期长是个案，要重视，但无需恐慌。,true,新冠肺炎潜伏期最长 24 天
2020-02-07,新型冠状病毒主要的传播途径是飞沫传播，而传染病的传播...,fake,开窗通风会把病毒带进家，引发新冠肺炎
2020-02-20,丁香医生团队辟谣：防溢乳垫不靠谱，无法保障防护效果,fake,防溢乳垫贴在口罩内可延长使用时间
2020-03-25,网传的“比尔盖茨公开信”确实刊登在英国《太阳报》...,fake,比尔盖茨发表公开信，称“病毒是伟大的纠错”
2020-02-19,中国疾控中心研究员冯录召：不一定有效，仍然建议多通风,doubt,家用空气净化器能过滤病毒吗
2020-02-10,据越南卫生部2月2日消息...,doubt,外国人去过公厕就感染，机场车站公厕高风险，别去
2020-02-09,记者从哈尔滨市交通运输局公交管理处以及哈尔滨地铁集团获悉...,fake,哈尔滨市坐公交得出示身份证
2020-01-26,经快报记者多番打探证实，目前...,fake,泰国移民局发文，不想回国的最长可给予2个月续签
2020-02-21,二氧化氯在理论上可以杀灭新冠病毒...,doubt,使用二氧化氯贴片能预防新型冠状病毒，且无毒无害
2020-01-29,广西公安辟谣：区内高速及城市道路都能够正常通行,fake,疫情致广西多地封路、封高速
2020-03-08,3月5日...,fake,北医三院曾海基：中医治疗新冠肺炎320例无一死亡
2020-01-30,丁香医生团队：交流要保持距离；尚未证实新冠病毒可以通过空气传播。,doubt,喷嚏一打几米远，病毒可悬浮一天
2020-02-19,丁香医生团队：吹风机吹或者喷洒酒精，都可能破坏口罩的保护作用,doubt,N95 口罩消毒可继续用
2020-02-19,广州医科大辟谣：只是个别医生开的方子,fake,钟南山团队开中药凉茶处方
2020-02-07,感染概率很低...,doubt,收快递、外卖会感染新型冠状病毒
2020-01-22,由于病毒主要通过飞沫微粒被吸入人体，后经呼吸道粘膜侵入...,fake,普通人出门要佩戴护目镜，防止新型冠状病毒侵入体内
2020-03-31,气溶胶传播指飞沫在空气悬浮过程中失去水分而剩下的蛋白质和病原体组成...,doubt,新型冠状病毒会通过气溶胶传播
2020-01-29,丁香医生团队辟谣：利巴韦林无法作用于新型冠状病毒,fake,吃利巴韦林可以预防新冠
2020-02-11,澎湃新闻记者向上海市卫健委求证，对方表示，网传内容并不属实...,fake,非上海户籍不再列入新增确诊病例中
2020-02-02,深圳市第三人民医院的研究发现某些新型冠状病毒感染者的粪便里检测到病...,true,新型冠状病毒感染者粪便里检测出核酸阳性 
2020-02-18,毛桃根指的是五指毛桃。五指毛桃是一种草药，广东地区常用来煲汤...,fake,毛桃根可抗新型冠状病毒
2020-01-31,武汉大学人民医院迅速辟谣：网传“武汉大学省人民医院发热门诊可做核酸...,fake,武汉大学省人民医院发热门诊可做核酸试验检测不排队
2020-02-16,目前国际上并没有关于建议室内使用臭氧灭活SARS病毒和新冠病毒的数...,fake,大家可以用室内臭氧去杀死新型冠状病毒
2020-03-16,美国总统特朗普因感染新冠病毒在演讲过程中晕倒的说法系谣言...,fake,视频：特朗普感染新冠肺炎，演讲时晕倒，副总统接任
2020-03-04,目前尚无证据证明降压药会增加高血压患者感染病毒的风险...,doubt,降压药会增加高血压患者感染病毒的风险
2020-01-28,2018年4月...,fake,新型冠状病毒在2018年就被发现了
2020-01-30,丁香医生团队：交流要保持距离；尚未证实新冠病毒可以通过空气传播。,doubt,喷嚏可以打几米远，病毒可悬浮24小时
2020-02-19,丁香医生团队辟谣：目前没有证据,fake,新冠病毒可以通过蚊虫叮咬传播
2020-04-05,此事并不是发生在现在的意大利。首先...,fake,意大利警察当街把65岁以上的老年人都抓了关起来
2020-02-19,对于上述内容，红星新闻记者向成都市教育局求证了解到...,fake,成都、宁波、福州等地学校将于3月2日开学
2020-02-19,楚天都市报记者从多方证实：该消息系谣言,fake,口罩喷酒精遇 84 消毒瞬间死亡
2020-02-21,中国科学院院士周琪表示，目前病毒进入人体都是通过黏膜...,fake,新型冠状病毒能通过皮肤侵入人体
2020-01-29,最新发布的《新型冠状病毒感染的肺炎诊疗方案（试行第四版）》表明...,true,接触沾染了病毒的物品属于接触传播，也可能感染病毒
2020-02-01,非典时期...,doubt,中草药洗液“洁尔阴”预防非典是良方
2020-03-06,丁香医生团队辟谣：目前没有任何动物和临床研究数据证实这种说法的可靠性,fake,吃降压药会增加感染病毒的风险
2020-01-31,国家卫健委：冠状病毒对紫外线敏感,true,紫外线消毒灯能杀灭新冠病毒
2020-02-15,在卫生间开排气扇形成负压，把下水管的病菌抽在空气里...,doubt,卫生间排气扇形成的负压会把下水管的病菌抽在空气里
2020-01-27,根据《新型冠状病毒肺炎诊疗快速指南》，含氯消毒剂可灭活这类病毒...,true,二氧化氯消毒剂可以用于消毒
2020-04-05,理论上讲飘散的柳絮很可能会与咳嗽导致的飞沫结合，但不管有没有...,fake,柳絮会携带新冠病毒，从而导致跨区域性传播
2020-01-26,不能！风油精是由天然药物和芳香植物精油配制而成...,fake,风油精能抑制病毒感染
2020-01-29,丁香医生团队辟谣：口罩厚度不等同于防护效果,fake,口罩越厚，防病毒效果越好
2020-02-27,郑州市疫情防控领导小组办公室相关负责人表示，网传消息为谣言...,fake,河南方中山胡辣汤店被勒令关门
2020-02-19,丁香医生团队辟谣：根据是否流鼻涕和咳痰就果断判定不是新冠肺炎，是不准确的,fake,出现流涕和咳痰就不是新冠肺炎
2020-04-05,网传视频并非最近才有，早在2019年12月就出现在网络上...,fake,病毒惹的祸：美国有很多感染的人绝望跳海了
2020-01-29,四川网警辟谣：不实言论！,fake,此次疫情系解放军导致
2020-02-16,记者采访到当时视频的拍摄者，拍摄者称今日联系过女孩...,fake,“追殡葬车哭着喊妈妈”的女孩去世了
2020-01-29,武汉市红十字会官方微博辟谣：不存在任何收费现象,fake,武汉红十字会收服务费
2020-02-15,并非“澳大利亚斥资20亿澳元专门开发新冠肺炎疫苗”...,doubt,澳洲斥资20亿澳元专门开发新冠肺炎疫苗
2020-03-20,潇湘晨报记者按照义工招募信息中的电话，联系上何先生...,fake,武汉殡仪馆招募义工，工资日结，4000元/晚
2020-02-19,华中农业大学教授陈焕春解释：完全属于口误,fake,新冠病毒属于 SARS 病毒
2020-02-09,记者拨打北京公交客服电话后...,fake,北京乘坐公交地铁要看身份证
2020-04-03,中国教育考试网并没有发布过网传图片中的通知...,fake,教育部宣布取消2020年6月的英语四六级考试
2020-01-30,丁香医生团队辟谣：对预防新冠病毒没有作用,fake,在人中涂风油精可以预防感染
2020-02-19,丁香医生团队辟谣：在口罩里垫纸巾不能延长口罩寿命，反而影响使用效果,fake,口罩里垫一张纸巾，就能反复使用
2020-01-24,武汉市城建局有关负责人告诉湖北日报全媒记者，这座医院继续建...,fake,武汉“小汤山”将停工，重新选址
2020-03-01,2月29日，物美联合美廉美发布澄清说明，表示自疫情以来...,fake,物美员工出现群体性发热，涉及北京7家门店
2020-02-10,网传 “哈佛八剑客回国援助武汉” 视频...,fake,哈佛八剑客、李开复、庄晓莹集体回国援助武汉
2020-02-06,经六枝公安网警核查，该消息不实，信息违法行为人朱某某因散布谣言...,fake,母猪开口说话，说吃煮鸡蛋能预防疫情
2020-01-29,丁香医生团队辟谣：啥效果也不会有,fake,香油滴鼻孔可防病毒传播
2020-02-19,武汉市第九医院辟谣：我院没出过这样的通知,fake,散步会感染新型冠状病毒肺炎
2020-01-26,目前关于新型冠状病毒肺炎的治疗没有特效药物，都是对症处理...,fake,大蒜水可以治好冠状病毒肺炎，要多喝大蒜水
2020-02-06,宁波市疫情防控工作领导小组办公室表示，关于封城的通知系谣言。目前...,fake,2月6日起宁波将封城
2020-01-29,丁香医生团队辟谣：无证据表明乳铁蛋白对病毒有用,fake,吃乳铁蛋白能预防新冠
2020-01-30,丁香医生团队辟谣：人体是恒温的，会散热。真保持体温56℃半小时的话，那杀死的怕不只是病毒了,fake,喝60℃的水可以杀死病毒
2020-02-20,记者向钟南山院士团队核实，这是钟院士以前的查房视频...,fake,视频：钟南山看望林正斌教授，林教授哀求：救救我
2020-04-07,BBC Breaking News并未发布这条消息...,fake,BBC4月7日称英国首相鲍里斯因新冠肺炎去世
2020-02-04,没有证据表明...,fake,定期用生理盐水清洗鼻子可以预防新型冠状病毒
2020-01-31,世界卫生组织回应：目前没有证据显示狗猫等宠物会感染新型冠状病毒,doubt,人会传染宠物
2020-02-22,根据读者提供的照片，在上海图书馆的馆藏信息中...,fake,10年前陈国生就预测预言了新冠肺炎的爆发
2020-02-28,狗能不能感染新型冠状病毒还不能下判断...,doubt,狗能感染新型冠状病毒
2020-02-13,楚天都市报记者就此向武汉市公安局黄陂区分局求证...,fake,武汉男子口罩喷酒精戴，坐电梯遇84消毒瞬间死亡
2020-02-29,2月27日凌晨抵达成都的韩亚航空OZ323航班...,fake,韩国人坐飞机到达成都，仅量体温就放行，不隔离
2020-01-31,根据最新发布的《新型冠状病毒感染的肺炎诊疗方案（试行第四版）》...,fake,眼神对视会传染新型冠状病毒
2020-04-20,有可能存在青壮年发病住院上呼吸机的情况...,fake,美国纽约大量青壮年一发病就上呼吸机，是ADE导致
2020-02-13,冠状病毒是一类主要引起呼吸道、肠道疾病的病原体。除了可感染人类...,doubt,天气暖和从南方回归北方的鸟会带回病毒，感染人类
2020-03-04,“用烟草制造新冠肺炎疫苗”的新闻报道有误...,doubt,用烟草能研发出新冠肺炎疫苗
2020-03-10,通过“四名中/轻度患者出院后核酸检测又呈阳性”的案例...,doubt, 新冠病毒能在康复者体内存留数周但传染力变弱
2020-03-17,3月10号...,true,布鲁塞尔地铁一男子舔手后把口水抹在车厢扶手上
2020-02-01,姜中的成分抗病毒本身没有充分的科学依据。而且...,fake,口含姜片出门可以预防新型冠状病毒肺炎
2020-01-31,世界卫生组织回应：目前没有证据显示狗猫等宠物会感染新型冠状病毒,doubt,人会传染宠物
2020-02-26,照片上确实是在招待世卫组织的专家考察组，但并非在人民大会堂...,fake,人民大会堂一人一桌招待世卫组织客人
2020-01-29,丁香医生团队辟谣：板蓝根对新型冠状病毒无效,fake,吃板蓝根可以预防新冠病毒
2020-02-23,2月20日该消息传出时，就有记者向上海市公安局青浦分局核实...,fake,京东物流司机感染新冠病毒后死在车里
2020-02-03,天府市民云服务有限公司负责人表示，天府市民云并未出台类似公告...,fake,2月4日成都市民可在天府市民云APP预约领取口罩
2020-03-20,流传说法中图片的原始出处是2018年4月摩洛哥政府官网的一篇报道...,fake,西班牙生物学家：C罗梅西收入高，找他们要疫苗
2020-03-03,韩国纽西斯通讯社2020年3月2日报道称...,fake,韩国16名护士因新冠肺炎疫情集体辞职
2020-02-15,防静电服的主要功能是不让服装上的静电积聚...,fake,穿防静电服能隔绝新型冠状病毒
2020-01-30,丁香医生团队辟谣：病毒通过快件传播的风险极低。,fake,武汉来的快递要拒收
2020-01-31,抗生素针对的是细菌感染，对病毒很可能效果不佳...,fake,吃阿奇霉素片可以预防新型冠状病毒
2020-02-21,中国疾控中心研究员冯录召：循环使用的地铁票沾染病毒的概率非常低。,doubt,地铁票会传播新冠病毒
2020-02-24,空调滤芯大部分都采用类似N95口罩的材料来制作...,doubt,有CN95认证的车可以防病毒
2020-02-23,俄卫生部回应：从未指出病毒是人工合成,fake,俄罗斯证实新冠病毒系人工合成
2020-01-30,万金油的挥发性成分是一些精油小分子，要想预防病毒...,fake,万金油可以预防病毒
2020-02-20,在一个新出现的传染病的初期，确定零号病人的意义很大...,doubt,流行性传染病暴发后，找到零号病人至关重要
2020-02-11,自限性疾病是指疾病发生发展到一定程度后能自动停止，并逐渐恢复痊愈...,true,新型冠状病毒肺炎是自限性疾病
2020-03-15,“东海县聚龙公馆被带走的疑似病例今日被查出确诊”的消息不实...,fake,连云港市东海县境外回国人员确诊新冠肺炎
2020-01-23,武汉市商务局官网于1月23日午间发布消息称...,fake,武汉加油站停止营业
2020-02-05,肺炎球菌疫苗和乙型流感嗜血杆菌疫苗等肺炎疫苗不能预防新型冠状病毒肺...,fake,预防肺炎的疫苗能防止新型冠状病毒感染
2020-02-11,不管是松茸还是别的食物，都各有营养成分...,fake,松茸蘑菇能预防新型冠状病毒
2020-01-30,苏州市立医院相关负责人证实，该消息不实...,fake,苏州市立医院一产妇感染新型冠状病毒
2020-01-29,12122路政服务热线核实：不存在“限制外牌车辆进入”的情况,fake,上海已限制外牌车辆进沪
2020-01-24,湖北经视主播越男回应称，并非戴口罩播新闻...,fake,湖北经视主持人记者戴口罩播报新闻
2020-02-12,所谓的“撒钱视频”实为湖北省随州市某小区业主家的小孩趁父母不注意...,fake,湖北随州一家人因染病厌世从27楼往下撒钱
2020-02-19,丁香医生团队辟谣：从流感病毒的性质推测，病毒更喜欢光滑无孔的表面，在毛织品上留存时间更短,fake,带毛领或绒线的外套容易吸附病毒
2020-01-29,丁香医生团队辟谣：正规家畜家禽海鲜都能吃,fake,家畜家禽海鲜都不能吃了
2020-01-29,南充网警辟谣：已经收治,fake,医院一老人被感染新冠肺炎跑了
2020-03-18,研究没有正式发表，没有经过同行评议...,doubt,A型血更易感染新冠肺炎，O型血不易感
2020-01-31,丁香医生团队：接触手机、电梯按键后，需要及时洗手,true,病毒会存在手机和电梯按键上
2020-02-01,荔枝新闻就此查阅截图中所示的《人民日报》2020年02月01日03...,fake,中央决定暂免武汉红十字会救灾物资管理工作
2020-02-19,中科院辟谣：并非同一种,fake,新冠病毒 2018 年就发现了
2020-03-09,流传说法里提到的“五年后人民体质会整体下降...,doubt,钟南山预测：五年后人民体质会整体下降，养生是防火
2020-01-24,湖北省通信管理局和三大运营商，相关权威人士均明确回复...,fake,武汉将断网，以禁止医务人员分享相关信息
2020-02-21,土霉素和磷酸氯喹不是一回事。土霉素的分子式为C22H24N2O9...,fake,土霉素对新型冠状病毒肺炎治疗有效
2020-01-30,世界卫生组织回应：目前没有证据显示狗猫等宠物会感染新型冠状病毒,doubt,人会传染宠物
2020-02-19,北京市教委明确表示，“北京大中小学将于3月初开学”是虚假信息...,fake,北京大中小学将于3月初开学
2020-02-19,丁香医生团队：仅仅是核酸检测转阴，并不意味着康复,doubt,核酸检测转阴后，还有可能复发
2020-01-31,丁香医生团队辟谣：系编造，造谣网民已被依法处罚。,fake,新冠病毒通过眼神对视传播
2020-02-10,不能通过这个方法判断口罩真假...,fake,可以通过防水与否鉴别口罩的真假
2020-01-29,丁香医生团队澄清：在普通家居、出行生活中，不必考虑衣物材质和静电问题对病毒吸附的影响,doubt,带毛领或绒线的外套容易吸附病毒
2020-03-31,日本内阁官房长官菅义伟在记者会上否认了网上流传的4月2日东京将会封...,fake,东京将于4月2日封城
2020-04-20,4月20日...,true,4月20日北京市朝阳区被列为疫情高风险地区
2020-02-19,丁香医生团队辟谣：「核酸检验」是作为新冠病毒确诊标准，但「核酸检测阴性」不是排除感染的依据,fake,核酸检验频繁假阴性，有大量漏诊
2020-02-16,“燕窝它是水解的”是一个莫名其妙的说法...,fake,燕窝可以提升免疫系统，预防新型冠状病毒
2020-03-06,国家体育总局体育科学研究所研究员徐建方：长时间大强度的运动，会导致身体机能失调，免疫功能下降,fake,疫情期间大强度锻炼可提高抵抗力
2020-02-24,新冠病毒在全世界流行的可能性一直存在，病毒一但在人类社会扎根...,doubt,新冠病毒会像流感病毒一样季节性爆发
2020-01-30,长江网记者联系到武汉市第九医院院长刘明瑜，他说：“这是谣言...,fake,武汉第九医院：疫情期间，不能外出散步，小心被传染
2020-01-29,国家卫健委回应：不实消息,fake,网传感染病例在10万例左右
2020-01-29,据媒体报道，中国科学家通过人工智能药靶筛选...,doubt,咳嗽药水“沐舒坦”能治疗新冠肺炎
2020-01-29,深圳市互联网信息办公室：是谣言,fake,深圳要封城
2020-04-16,最近有媒体报道“在家里喷洒高浓度84消毒液导致过敏性肺泡炎”...,true,长期高浓度使用84消毒液，可能导致过敏性肺泡炎
2020-01-29,湖北通信管理局和三大运营商辟谣,fake,武汉将断网
2020-02-20,中国工程院副院长王辰：我们有限的观察提示，肺功能能够相当的成长或完全的恢复,fake,新冠肺炎病人的肺部损伤不可逆
2020-01-30,新型冠状病毒没有流鼻涕和咳痰这个说法可能来自于lancet一篇早期...,fake,出现流鼻涕和咳痰，不可能是新型冠状病毒肺炎
2020-01-25,解放日报·上观新闻记者就此咨询12122路政服务热线...,fake,上海目前除沪牌不让外地车进上海
2020-01-29,丁香医生团队辟谣：喝进去不会作用于病毒,fake,喝高度酒能抵抗新冠病毒
2020-01-29,法新社辟谣：实为印尼的苏拉威西岛的野生动物市场,fake,外网传武汉野生动物市场视频属实
2020-01-29,上海海关辟谣：海关不会征用你的口罩！,fake,私人邮寄口罩被海关征用
2020-01-30,丁香医生团队：交流要保持距离；尚未证实新冠病毒可以通过空气传播。,doubt,喷嚏一打几米远，病毒可悬浮24小时
2020-01-26,不是！近期发布的《武汉新型冠状病毒的进化来源和传染人的分子作用通路...,fake,新型冠状病毒是SARS病毒的进化
2020-03-29,3月27日晚，湖南省教育厅发布通知，经省委、省政府同意...,true,湖南省教育厅通告：全省高三初三年级4月7日开学
2020-02-20,2月19日，在世卫组织东地中海区域办事处新闻发布会上...,fake,新型冠状病毒是由实验室制造的生物武器
2020-02-20,记者向深圳市教育局了解到，该“情况汇报”与深圳市并无关系...,fake,深圳的学校将于3月2日起分批开学
2020-01-31,丁香医生团队查证：青海、南宁、丽江等各城市版本的均为编造。正规渠道售卖的仍可放心吃。,fake,别吃鱼，某地有121个鱼塘感染
2020-02-19,丁香医生团队辟谣：PS 技术挺好，差点自己都信了呢,fake,丁香医生说童子尿可预防新冠病毒
2020-02-21,现代快报记者向江苏省交通运输厅相关负责人进行了求证，这是“谣言”...,fake,江苏省内所有卡点于2月20日晚全部拆除
2020-01-24,钟南山院士表示，目前已有几种药物准备用于临床治疗...,true,钟南山院士表示目前已有药物准备用于肺炎临床治疗
2020-02-15,大米不是病毒的宿主。即便是有病毒落在上面，它也无法进行复制增殖...,fake,湖北产的大米上可能有新型冠状病毒
2020-01-26,⽬前尚⽆证据。此次的新型冠状病毒，从进化起源和病毒的亲缘关系上看...,doubt,家养的宠物会传染新型冠状病毒
2020-02-19,上海市公共卫生临床中心林逸骁医生：适当多喝水是有好处，但不能预防新冠病毒,fake,多喝水多分泌粘液能防新冠病毒
2020-02-06,大量喝水不能预防新型冠状病毒感染。新型冠状病毒肺炎是乙类传染病...,fake,大量喝水能预防新型冠状病毒感染
2020-01-25,1月25日上午，澎湃新闻从呼吸疾病国家重点实验室办公室获悉...,fake,钟南山院士被传染
2020-02-20,蜂毒是由蜜蜂蜇针排出的一种生物毒素...,fake,蜂毒（蜂针和蜂毒注射液治疗）能抑制新型冠状病毒
2020-01-24,流感和瘟疫由病毒侵染所致。鼻孔里涂香油既阻止不了它们进入人体...,fake,小磨香油滴在鼻孔，可以阻断一切的流感和瘟疫传染
2020-04-02,解放日报·上观新闻记者核实发现，网传视频中的一幕并非发生在意大利...,fake,意大利政府将新冠病人尸体丢入万人坑
2020-02-10,记者从相关部门了解到，广州并没有这样的安排。,fake,2月9、10日晚，广州采取雾炮，对全城进行大消杀
2020-02-19,剑桥大学病毒学助理研究员韩越：相比哺乳类，鱼、鸟、爬行类成为新冠肺炎中间宿主的可能性很小,fake,候鸟迁徙会携带传播新冠病毒
2020-04-03,新加坡中央医院4月3日澄清，总理李显龙确诊新冠肺炎的信息不实...,fake,新加坡总理李显龙确诊感染新冠肺炎
2020-01-29,丁香医生团队辟谣：SARI是「严重急性呼吸道感染」的英文缩写,fake,新冠定名为 SARI
2020-03-26,广东省教育厅3月25日发布公告称：近日...,fake,广东已于3月26日前确定学生返校时间
2020-03-09,根据上海市确定的涉外疫情防控和入境人员健康管理措施，所有中外人员...,fake,上海虹口足球场成为集中隔离点
2020-01-22,就医用口罩而言，只要正确佩戴合格产品...,fake,戴多层口罩，才能有效预防新型冠状病毒
2020-02-02,实际上，印度学者非正式发表的论文中的结论...,fake,震惊哈佛大学教授：新型冠状病毒诞生于人为基因改造
2020-02-01,Remdesivir（瑞德西韦）是Gilead研制的一个实验性药物...,doubt,remdesivir可治疗新型冠状病毒肺炎
2020-02-19,网帖中“28天无新增的摘帽规则”其实是由非典期间“连续20天无新发...,fake,中国要满足28天无新增病例的摘帽规则才能启动复航
2020-01-31,丁香医生团队：无论何时，接触了现金都要洗手,doubt,不要收现金，会感染新冠病毒
2020-01-30,丁香医生团队：交流要保持距离；尚未证实新冠病毒可以通过空气传播。,doubt,喷嚏可以打几米远！病毒可悬浮24小时
2020-02-19,中国疾病预防控制中心研究员冯录召：病毒通过飞沫、直接接触等方式污染到果蔬肉蛋的几率很低,fake,吃果蔬和肉蛋会感染新冠病毒
2020-01-29,丁香医生团队辟谣：30秒太短，真吹半小时容易受伤。,fake,电吹风对手和面部吹30秒就能消毒
2020-02-19,丁香医生团队辟谣：目前尚无证据证明姜可以预防病毒，更没有证据证明可以预防新冠病毒,fake,含姜片可以预防新冠病毒
2020-03-05,腾讯课堂声明...,fake,腾讯课堂给违反纪律的学生发短信，要求交纳罚款
2020-03-12,北京市委教育工委、市教委明确表示，这是一条虚假信息...,fake,北京4月6日大学中学开学，20日小学幼儿园开学
2020-02-25,北京积水潭医院于2月25日在官微发出声明...,fake,北京积水潭医院要建方舱医院
2020-01-29,中科院辟谣：并非同一种,fake,新冠2018年就发现了
2020-02-06,防菌卫生巾和护垫主要针对的是大肠杆菌和金黄色葡萄球菌...,fake,卫生巾作口罩用，或将卫生巾贴在口罩外可以防病毒
2020-02-09,记者向市委社治委、市住建局、市城管委等部门求证上述公告情况...,fake,成都每户家庭每两天只可安排一人外出买东西
2020-04-06,截止到4月6日12时，廊坊交警暂未接到市政府恢复机动车限行的通知...,fake,4月7日起廊坊市恢复机动车限行
2020-03-11,乙肝有急性和慢性之分，慢性乙肝属于持续性病毒感染中的慢性感染...,fake,新型冠状病毒和乙肝病毒一样
2020-02-09,南京市城管局表示，网传视频里面的画面不是南京...,fake,南京全市主干道今晚12点进行大面积消杀
2020-01-28,目前还没有正式发表的研究数据...,fake,病毒喜欢0度湿冷环境，空调开到20度就死亡
2020-04-07,这张图不可能是所谓最先进的显微镜所拍摄的病毒样貌...,fake,这张图是美国用最先进的显微镜看到空气中的病毒图
2020-01-26,现在科学家们在紧锣密鼓地努力做研究...,fake,吃辣椒能降低新型冠状病毒肺炎死亡风险
2020-03-15,特朗普在3月14日于白宫新闻发布会上表示...,fake,特朗普新冠病毒测试结果呈阳性
2020-03-10,现有的资料显示...,doubt,新冠肺炎患者的母乳中有新冠病毒
2020-02-16,新冠病毒对热敏感，但并不是在26-27度的环境下就能被杀死...,fake,多喝热水姜汤、运动、盖被子、晒太阳能预防新冠病毒
2020-01-26,南京鼓楼医院回应称：针对今日网民关注患者张××（男，64岁...,fake,一香港人在南京鼓楼医院因新冠肺炎去世
2020-01-29,丁香医生团队辟谣：口罩上有呼吸阀不用担心,fake,带呼吸阀的口罩没有用
2020-01-26,有人觉得养猫养狗可以抗新型冠状病毒...,fake,养猫养狗能抗新型冠状病毒肺炎
2020-03-25,3月22日...,fake,意大利不再给60岁以上的新冠肺炎患者戴呼吸机
2020-04-19,北京市委教育工委、市教委明确表示：“北京市幼升小以及小升初预计推迟...,fake,北京市教委确认幼升小以及小升初预计推迟至今年七月
2020-01-26,目前没有任何关于“新型冠状病毒肺炎疫苗研制成功”的权威报道...,fake,好消息再传来：新冠肺炎疫苗出来啦！
2020-02-05,把“适量饮酒”写入防疫建议，是没有任何依据的想当然...,fake,适量饮酒可以抵抗新型冠状病毒
2020-02-26,经公安部门调查...,fake,湖北天门将外省捐赠的萝卜倒入垃圾站
2020-03-03,首先要明确，居家健身不适宜进行长时间大强度锻炼。在居家防疫期间...,fake,疫情期间可以通过大强度锻炼提高抵抗力
2020-01-29,丁香医生团队辟谣：目前新冠感染已超出人兽范围,fake,不吃野味就不会被感染
2020-02-15,吴教授所说的“新冠病毒肺炎的机理其实是过激的免疫反应制造的大量自由...,fake,美国华裔专家的“自救措施”能治疗新型冠状病毒肺炎
2020-01-31,丁香医生团队辟谣：根本没有“疫区国”的概念,fake,中国被列入疫区国
2020-01-25,信阳市新型冠状病毒感染的肺炎疫情防控工作指挥部公告称个别网友传播今...,fake,河南信阳今天下午两点封城
2020-03-31,教育部官方网站于3月31日发布公告：经党中央、国务院同意...,true,2020年全国高考延期一个月举行
2020-03-12,上海各大媒体都没有发布过有关“3月16日起居民出行全面正常化”的报...,fake,上海3月16日起出行正常化，4月6日起陆续开学
2020-04-06,网传视频与2019年阿尔巴尼亚的剧集《Wlad Lahlal》有关...,fake,意大利女孩确诊新冠肺炎后阳台自杀
2020-01-28,在家中喷洒医用酒精可以杀灭家中存在的细菌与一些病毒（比如新型冠状病...,fake,用高浓度白酒喷洒房间可以预防新型冠状病毒
2020-01-26,深圳交警部门通过其官方微博回应...,fake,深圳1月27日开始封城
2020-01-26,较真团队联系了央视新闻的相关人士，对方回应称：消息不属实...,fake,26日晚央视新闻，白岩松将邀请钟南山院士介绍疫情
2020-02-08,除了湿法消毒会破坏口罩材料的疏水性...,fake,口罩放到玻璃瓶里用开水煮十分钟消毒后可以反复使用
2020-02-11,不对撤侨人员检测费用是次要原因，主要是由于目前人群未出现症状...,doubt,印尼因为费用太高不对回国学生检测
2020-01-25,1月25日，杭州市“冠状病毒肺炎”防控指挥部发布疫情通报...,true,新加坡抵杭州航班有2名乘客发烧，全体乘客被隔离
2020-03-08,根据上海市卫健委通报，2020年3月8日0-12时...,fake,上海港汇恒隆广场被封，确诊一例，意大利人！
2020-02-23,22日，记者从广州水投集团广州自来水公司获悉...,fake,广州水投集团内部员工对话泄露：自来水数倍加氯
2020-01-29,丁香医生团队辟谣：没有预防作用,fake,服用 VC 可以预防感染
2020-03-14,经查证，这是个老视频，和新冠病毒毫无关系...,fake,马来西亚巫师病床作法抓新冠病毒后遭隔离
2020-02-01,尚无明确证据证明藿香正气药物可治疗新型冠状病毒肺炎...,doubt,藿香正气药物可治疗新型冠状病毒肺炎
2020-03-04,安宫牛黄丸曾入选《新型冠状病毒感染的肺炎诊疗方案》第三版及第四版的...,doubt,安宫牛黄丸可预防新冠肺炎
2020-01-27,杭州市“冠状病毒肺炎”防控指挥部称：近日...,fake,将有6万武汉人员从境外来杭
2020-01-31,新型冠状病毒对热敏感，56°C 30 分钟即可有效灭活病毒[1]...,doubt,用浴霸灯照射半小时可以去除病毒
2020-03-25,武汉市卫健委对此回应称，并没有接到此类通知...,fake,武汉市政府不再对新冠肺炎病人免费治疗
2020-02-03,网传“人民日报微博发布消息...,fake,李兰娟院士说谈恋爱可以预防新型冠状病毒肺炎
2020-01-29,丁香医生团队辟谣：对预防新冠没有作用,fake,在人中涂风油精可以预防感染
2020-02-29,台湾专家“新冠病毒来自美国”的说法参考的是大陆一篇研究论文...,fake,台湾专家：根据一篇论文可以得出新冠病毒源头是美国
2020-01-29,红星新闻记者紧急联系上大邑县公安局，经了解，此消息并不属实...,fake,成都两名高度疑似感染者私自离开华西医院
2020-02-19,世卫组织总干事谭德塞博士：开发疫苗和疗法需要时间,true,新冠病毒的疫苗研制要 18 个月
2020-03-05,这种说法的依据可能是来源于两种：花岗石加工成建筑装饰材料之后表面光...,fake,花岗岩能预防新冠肺炎感染
2020-03-19,网传“报告”中的开学信息不实。3月19日上午...,fake,江西省3月19前已官宣各级学校于4月5日分批开学
2020-01-23,上海迪士尼度假区方面对记者表示，“该消息是谣传信息...,fake,武汉三口之家迪士尼游玩确诊新型冠状病毒肺炎
2020-02-03,福州市公共服务平台“e福州”APP发布了澄清公告...,fake,2月4日起，福州将实施预约摇号购买口罩
2020-02-10,洋葱的刺鼻性气味来源于硫化丙烯等硫化物。在体外实验中...,fake,闻洋葱能预防新型冠状病毒肺炎
2020-02-01,从新型冠状病毒疫情爆发到现在，也就不足半个多月，就研究的周期来说...,doubt,中成药双黄连口服液可抑制新型冠状病毒
2020-02-26,网络流传的“钟南山发布多喝单枞茶对防止肺炎有重大效果”的截图是假的...,fake,喝单枞茶可以预防新冠肺炎
2020-01-24,中南大学湘雅医院雷光华院长表示...,fake,湘雅医院搭帐篷，以安置从武汉来的病人
2020-02-01,目前查不到任何童子尿与新型冠状病毒相关的研究数据。从尿液成分...,fake,童子尿可以预防新型冠状病毒
2020-01-27,经与成都公交集团核实，成都未发布此通告。并且...,fake,成都因新型冠状病毒肺炎调整公交线路营运安排
2020-02-24,2月23日，长江日报记者从武汉市新冠肺炎疫情防控指挥部获悉...,fake,2月25日-3月10日武汉所有商店关门
2020-01-22,新京报记者致电北京协和医院，工作人员表示...,fake,北京协和医院有武汉肺炎患者出逃
2020-02-26,洋葱能散发刺鼻的气味...,fake,洋葱可以吸附新冠病毒
2020-01-30,李兰娟院士回答：需要对宠物加强管理,doubt,人会传染宠物
2020-02-07,网上流传最广的两张火灾图，起火地点都并非武汉古田四路佳兴园...,fake,武汉古田四路佳兴园，酒精全屋消毒后开空调引起爆炸
2020-01-23,喝白酒不能抵抗新型冠状病毒...,fake,喝高度白酒、蒸桑拿，可以抵抗新型冠状病毒
2020-03-23,狮子出现在城市内街道上的图片是2016年的老图...,fake,为让民众在家隔离，普京在街上放了800只狮子老虎
2020-01-25,新型肺炎病毒来源于动物，通过动物传播，香蕉不是它的宿主...,fake,吃香蕉会得新型冠状病毒肺炎
2020-04-18,网传图片中的场景其实是北京各个区在北京西站接走离汉返京人员的情景...,fake,北京西站出现大量白衣人，意味着北京疫情大爆发
2020-01-29,丁香医生团队辟谣：喝进去不会作用于病毒,fake,喝高度酒能抵抗冠状病毒
2020-01-29,科学界对于大蒜的认知是：含有一些“生物活性物质”...,fake,大蒜和冰糖一起煮水喝可以预防治疗新型冠状肺炎
2020-02-19,丁香医生团队辟谣：系谣言，造谣女子已被行拘,fake,某家的猪崽会说话，是瘟疫的前兆
2020-01-29,丁香医生团队辟谣：自制口罩不靠谱,fake,买不到口罩可以自制
2020-02-07,华农研究团队在对现有数据库中一千多种野生动物基因组分析后找到穿山甲...,doubt,穿山甲是新型冠状病毒的中间宿主
2020-01-29,丁香医生团队辟谣：吹风机吹或者喷洒酒精，都可能会破坏口罩的保护作用。,fake,用了7天的N95口罩消毒可继续用
2020-02-19,世界卫生组织辟谣：不能，干手器不能有效杀死新冠病毒。,fake,干手器能在 30 秒内杀死新冠病毒
2020-02-08,广州医科大学校长王新华回应称：外界所传的“钟南山院士公开的一则中药...,fake,钟南山推荐的防疫凉茶能预防新型冠状病毒
2020-01-29,医疗队医师组组长回应：不实信息,fake,沪援鄂医疗队只能吃方便面
2020-01-29,丁香医生团队辟谣：普通人出门没必要戴,fake,出门要戴护目镜
2020-01-30,丁香医生团队辟谣：现有研究证据不足，过度服用会中毒,doubt,服用VC可以预防感染
2020-04-11,国外社交平台上一直有人反对5G，还把5G和新冠病毒联系在一起...,fake,5G是新冠病毒的元凶，没有5G就不会爆发疫情
2020-01-25,一般来说，口罩在长期使用后，会对后续防护效果造成影响...,doubt,N95口罩也是需要4个小时一换
2020-02-17,最近在感染者粪便中分离出了活体新冠病毒...,fake,别吃淡水鱼！确认粪口传播，很多地方在鱼塘洗便桶
2020-02-23,浙江省眼科医院眼底病中心医生毛剑波：别多虑，如果觉得不舒服，闭眼即可,fake,体温枪伤眼，造成永久伤害
2020-02-24,上海图书馆查证：没有找到传闻里提到的这本书，同名文章也没有相关内容,fake,十年前就有人预测疫情
2020-01-29,山西公安：系谣言,fake,山西高速因疫情封闭
2020-02-25,抗凝药物（比如低分子肝素）来防治弥散性血管内凝血（DIC）有着理论...,doubt, 对新冠肺炎患者，低分子肝素可以有效治疗血栓
2020-01-26,2020年1月24日...,true,大部分新型肺炎患者只需2-4周就可被治愈
2020-01-29,丁香医生团队辟谣：不管是直接吃、榨汁喝还是炖冰糖都没用,fake,吃大蒜可以杀灭新冠病毒吗
2020-02-19,丁香医生团队辟谣：洗热水澡也无法提升体内温度，不能对抗病毒，还可能会有生命危险。,fake,用 56℃ 的热水洗澡能对抗病毒
2020-02-04,如果水蒸气的温度很高...,fake,蝙蝠最怕高温，请把喝的开水滚开的汽吸下去，能解毒
2020-01-29,1月29日，成都市交通运输局发布辟谣信息：截止目前...,fake,1月29日成都封城，出城高速封闭
2020-01-30,丁香医生团队辟谣：洗热水澡也无法提升体内温度，不能对抗病毒，还可能会有生命危险。,fake,用56℃的热水洗澡能对抗病毒
2020-02-08,酒精的消毒原理是通过使蛋白质变性达到杀菌消毒的效果...,doubt,对口罩喷酒精消毒后可以反复使用
2020-02-19,丁香医生团队辟谣：并无此事。即使添加的氯在国标许可的最上限，也不会对健康造成影响,fake,自来水采用上限标准加氯消毒
2020-03-21,根据央视军事的报道，美国联邦政府确实有计划派遣医疗舰...,fake,美国启用10艘医疗舰驶入纽约港，收治新冠肺炎病人
2020-01-29,北京公交集团辟谣：消息不属实,fake,北京公交线路营运安排调整
2020-02-22,中国疾控中心研究员冯录召：一般情况下，公众外出回家后不需要专门洗头或消毒,fake,每次外出回家都需要洗头
2020-01-29,勿怪幸医学博士查证：营销号胡扯,fake,SARS是美国的生物战
2020-02-24,号称美国“吹哨人”的保罗·科特雷尔博士...,fake,美国吹哨人爆料美国新冠肺炎感染者已超1000例
2020-03-24,流传结婚证里的照片当事人接受采访时辟谣：照片是他们的...,fake,一对夫妻登记结婚，男方叫辛冠，女方叫费妍
2020-02-29,2月27日下午...,fake,因疫情严重，哈尔滨封城
2020-01-29,广州医科大学附属第一医院辟谣：情况不实,fake,钟南山：全国人民在家隔离两周
2020-01-31,丁香医生团队辟谣：浓度为 60% - 80% 的乙醇才有效,fake,酒精浓度越高，消毒效果越好
2020-02-24,温州市新冠肺炎疫情领导小组办公室表示，网传视频内容系谣言。据统计...,fake,2月24日温州爆发新冠肺炎疫情，多人感染
2020-02-18,在传统医学中，重楼是一种清热寒凉的药材，其主要活性成分为甾体皂苷...,doubt,重楼可以抑制新型冠状病毒
2020-03-16,3月11日，意甲尤文图斯足球俱乐部通过官方网站宣布...,fake,C罗买下了一座小岛暂住，以隔离新冠病毒
2020-03-26,据旅意记者王勤伯介绍...,fake,拥吻照里的意大利医生夫妇，抢救百名病人后感染死亡
2020-03-21,流传文章里所附的女子照片并非广州出现的新冠病例...,fake,广州“女毒王”照片曝光，戴墨镜在国外游玩
2020-01-28,并不是浓度越高的酒精消毒效果越好。对于细菌...,fake,95%的酒精比75%的酒精消毒效果更好
2020-04-17,《新冠病毒可通过鞋底传播，传播距离至少为4米》这一标题并不准确...,fake,有论文证明新冠病毒可以通过鞋底传播4米
2020-02-23,从理论上说，有作用，可在一定程度上增加口罩的使用时间...,doubt,一次性口罩垫片可以起到防护作用
2020-02-04,目前已知的是，新型冠状病毒主要是通过飞沫传播和接触传播...,fake,有证据认为蚊子苍蝇可以传播新型冠状病毒
2020-01-29,杭州新冠肺炎防控指挥部辟谣：均为输入性病例，不存在封城,fake,杭州为控制疫情将封城
2020-02-07,目前已知的信息是...,fake,季铵盐类消毒剂苯扎氯铵(洁尔灭）能灭活新冠病毒
2020-01-29,丁香医生团队辟谣：不可以,fake,用微波炉加热口罩可以消毒
2020-02-18,关于现金是否销毁，各地政策不同。据新京报报道，疫情防控期间...,doubt,疫情期间从医院等地回收的现金将直接被销毁
2020-02-01,首先这4例新冠肺炎患者并没有“治愈”...,fake,德国采用雾化手段治愈4例新冠肺炎患者
2020-01-23,人民日报记者已向武汉市官方核实，两条信息为谣言。,fake,武汉官方：在武汉上空开始播撒消毒粉液
2020-01-31,“北京即将封城”、“1月26日晚白岩松将邀请钟南山院士介绍疫情”、...,true,新型冠状病毒肺炎十大谣言榜
2020-04-02,提醒居民注意防范的“通知”在上海、深圳、西安、温州等地都出现过...,fake,多地发生入室抢劫案，抢劫犯冒充防疫人员
2020-02-04,湖北日报全媒记者先后向湖北省军区、空降兵驻卾部队、武警湖北总队等多...,fake,2月10号疫情不好转，解放军将全面接管武汉
2020-02-07,哈佛医学院降半旗...,fake,哈佛医学院为李文亮医生降半旗致哀
2020-02-21,网帖“柬埔寨首相洪森确诊新冠病毒”中的洪森就医图片...,fake,柬埔寨首相洪森确诊新冠肺炎
2020-01-31,丁香医生团队辟谣：根本没有「疫区国」的概念,fake,中国被列入「疫区国」
2020-01-31,丁香医生团队辟谣：吹风机吹或者喷洒酒精，都可能破坏口罩的保护作用,fake,用了7天的N95口罩消毒可继续用
2020-02-20,据腾讯医疗健康声明，日前...,doubt,国家发口罩钱了，微信医疗健康每日都能领福利
2020-01-31,杭州市「冠状病毒肺炎」防控指挥部：不实信息,fake,将有6万武汉人员来杭
2020-03-20,病毒感染治愈后，人体内会有一些抗体，起到保护作用...,fake,如果身边朋友同事得过新冠肺炎，今后两年绝不能接触
2020-02-19,清华大学化学系孙亚飞博士：尚无权威机构证实银离子对新冠病毒的作用，不推荐只用这种办法消毒,fake,银离子抗菌液能杀灭新冠病毒
2020-02-19,丁香医生团队辟谣：口罩厚度不等同于防护效果，医用外科口罩摸上去比较薄，但过滤效率却很高,fake,口罩越厚，防病毒效果越好
2020-02-07,钟南山院士没有说过这句话。2月7日...,fake,钟南山：已挺过一个14天，2月7号起第二个14天
2020-02-05,医用口罩和纸尿裤虽然都用到无纺布，但是具体的材质并不一样...,fake,纸尿裤材料被征用去做口罩，很多纸尿裤厂家已停产
2020-02-19,丁香医生团队辟谣：一张卡片杀死新冠病毒？咋不上天呢！,fake,病毒防护卡挂身上能防新冠病毒
2020-04-05,法新社已于4月4日辟谣...,fake,意大利民众因新冠疫情将纸币丢弃于大街
2020-01-30,李兰娟院士回答：需要对宠物加强管理,doubt,人会传染宠物
2020-02-16,目前没有充分证据！ 用“艾灸”和“冠状病毒”作为关键词经检索知网...,doubt,艾叶和艾灸可以杀毒除菌，预防新型冠状病毒肺炎
2020-02-18,胡柚只是一种水果而已，喜欢吃的大可以吃...,fake,胡柚能治疗新型冠状病毒肺炎
2020-02-22,2月18日晚，健康时报记者采访了火神山医院的承建方中建三局...,doubt,建设火神山医院的工人要结算工资了，许多人坚决不要
2020-02-01,到目前为止，还没有专门预防治疗新型冠状病毒的药物...,true,WHO认为：目前还没有专门预防治疗新冠病毒的药物
2020-03-02,武汉大学官微已辟谣：经核实，自新冠肺炎疫情以来...,fake,一封来自武大女博士新冠肺炎的遗书
2020-02-23,@瑞金发布通报称，有网民通过视频反映“圩镇众多群众赶集，人员集聚...,true,视频：江西赣州解禁第四天赶集，多人未戴口罩
2020-01-25,新京报记者从多个权威部门了解到，目前北京高速公路均正常开启...,fake,北京高速为防控疫情封路“只出不进”
2020-02-19,丁香医生团队辟谣：系编造，造谣网民已被依法处罚,fake,新冠病毒通过眼神对视传播
2020-03-05,香港一宠物狗确认“低程度感染新冠病毒”...,doubt,宠物狗会传播新型冠状病毒
2020-01-30,丁香医生团队澄清：病毒更喜欢光滑无孔的表面，在毛织品上存活的时间最长不超过四小时。,fake,带毛领或绒线的外套容易吸附病毒
2020-01-26,大庆市卫健委回复：特经查实...,fake,大庆人明天不要出门，政府会安排飞机洒药消毒
2020-01-31,广州市防控新型冠状病毒感染的肺炎疫情工作指挥部发出第2号通告...,true,广州市民30日晚8点可用“穗康”小程序预约买口罩
2020-02-09,抗生素不能有效预防和治疗新型冠状病毒。抗生素对病毒不起作用...,fake,抗生素能有效预防和治疗新型冠状病毒
2020-02-03,“2月3日开始，各大平台都没有口罩售卖了！”相关言论为谣言...,fake,国务院通知任何平台不得销售口罩
2020-02-10,较真团队向洛阳新区人民医院相关人士求证（李留树博士2019年加盟了...,fake,来自抗击疫情一线消息，李留树博士刚从武汉打来电话
2020-02-19,丁香医生团队：确实，含氯消毒剂不能和洁厕灵同时使用，容易产生有毒气体,true,84 消毒液不能和洁厕灵一起用
2020-03-30,3月27日晚，上海市杨浦区政府官方微博@上海杨浦回应称...,fake,上海市杨浦区一小区境外输入病例被带走
2020-01-25,大蒜属于百合科植物大蒜的鳞茎，民间用药有较长历史...,fake,大蒜咬碎后嘴里含一会儿，胜过杀病毒的口腔药物
2020-02-09,新京报记者向华中农业大学教授陈焕春核实到...,fake,新型冠状病毒就是SARS冠状病毒
2020-04-09,网传视频为柳州市欢迎援鄂医疗队队员凯旋的现场视频...,fake,柳州奖励援鄂医疗队员每人一辆汽车
2020-02-19,清华大学化学系孙亚飞博士：确实要注意,true,别往空气中喷撒酒精，会爆炸
2020-02-29,网帖中伊朗官员看望副总统的图片并非最近拍摄，而是发生在2014年...,fake,伊朗副总统确诊新冠肺炎后，政府官员不戴口罩探望
2020-02-22,一般情况下，公众外出回家后不需要专门洗头或消毒...,doubt,病毒会沾在头发上，每次外出回家都需要洗头
2020-01-29,丁香医生团队辟谣：不管是直接吃、榨汁喝还是炖冰糖都没用,fake,吃大蒜可以杀灭新冠病毒
2020-02-05,可以把这些东西煮水喝当做一种“代茶饮”，如果再加上排骨或鸡块...,fake,红糖、生姜、大葱白和大蒜熬水喝，不会感染新冠病毒
2020-01-29,李兰娟院士辟谣：不能这样做,fake,全身喷洒酒精可起到消毒效果
2020-04-09,4月9日...,true,上海高三年级、初三年级于4月27日返校开学
2020-02-09,记者从成都市交通运输局获悉...,fake,成都乘坐公共交通工具需要身份证
2020-01-30,中科院武汉病毒所石正丽、周鹏团队1月23日最新的研究...,fake,亚洲人更容易感染新型冠状病毒
2020-02-19,丁香医生团队辟谣：或许可以调节心情，但并不能预防新冠肺炎,fake,精油芳疗可以预防新冠肺炎
2020-02-12,1月20日，内蒙古赤峰巴林右旗乌兰牧骑演出队于武汉进行演出...,fake,钟南山称赞吃牛羊肉的蒙古同胞身体好
2020-01-22,这个装置学名叫隔离担架，主要用途是转运传染性疾病患者或者疑似患者...,fake,这个玻璃装置是“隔离舱”，用它进行患者的隔离
2020-01-29,丁香医生团队辟谣：浓度为60%-80%的乙醇才有效,fake,酒精浓度越高，消毒效果越好
2020-02-12,2月11日，新京报记者联系火神山医院招聘单位进行核实...,fake,武汉火神山医院3万月薪招保洁员
2020-02-23,2月23日，北京市召开新冠肺炎疫情防控第29场发布会...,fake,北京通报的新冠肺炎病人不含外地人
2020-01-29,丁香医生团队辟谣：杀死新冠至少需要 56℃，30 分钟,fake,桑拿、汗蒸能预防新冠
2020-03-25,理论上“所有的消毒剂都可以杀灭新冠病毒”是对的。病毒本身十分脆弱...,doubt,日常消毒时所有的消毒剂都能有效杀灭新型冠状病毒
2020-01-29,丁香医生团队辟谣：SARI是「严重急性呼吸道感染」的英文缩写,fake,新冠病毒定名为 SARI
2020-01-29,白藜芦醇是一种植物提取物，在细胞实验中展示了比较强的抗氧化能力...,fake,白藜芦醇可以治疗预防新型冠状病毒
2020-01-27,目前市场上所有号称增强免疫力的药物/保健品都缺乏临床依据...,fake,花菇中的多糖能增强人体免疫力，对抗新型冠状病毒
2020-03-12,汤姆·汉克斯本人通过社交网站发表声明...,true,汤姆·汉克斯宣布他和妻子感染新冠病毒
2020-02-21,已知的情况是...,doubt,闻到新冠肺炎患者的屁，就会感染新冠病毒
2020-02-11,口罩主要由聚丙烯纺粘非织造布和熔喷非织造布组成...,fake,用火烧不着的口罩是真口罩
2020-02-05,经查，这是2018年的老视频...,fake,美国医生援助中国前集体祷告
2020-03-06,红星新闻记者多方求证...,fake,教育部确定今年高考延期至6月26日举行
2020-01-29,丁香医生团队辟谣：人体是恒温的，会散热。,fake,喝60℃的水可以杀死病毒
2020-02-24,丁香医生团队辟谣：不仅不能「杀毒」，还对健康有害,fake,燃放烟花可以预防新冠病毒
2020-01-31,丁香医生团队：吹风机吹或者喷洒酒精，都可能破坏口罩的保护作用,doubt,用了7天的N95口罩消毒可继续用
2020-01-31,丁香医生团队辟谣：SARI 是「严重急性呼吸道感染」的英文缩写,fake,新冠病毒定名为SARI
2020-01-29,长沙市新型冠状病毒肺炎防控指挥部辟谣：错误说法,fake,看到鄂牌车辆就打长沙疾控电话
2020-02-06,经核实，网传内容不属实，天心区并无此确诊病例...,fake,长沙市天心区一失足女确诊感染病毒，并接触9人
2020-02-14,经相关部门核实，此为婴儿父母将真正的出生证明PS后发到微信朋友圈...,fake,浙江一新生儿取名为“戴口罩”
2020-03-02,丁香医生团队查证：系翻译错误,fake,第一例新冠肺炎患者来自美国
2020-01-31,喝茶的作用就是：补充水分，让你愉快地呆在家里...,fake,喝茶可以预防新型冠状病毒
2020-02-12,雄黄为硫化物类矿物，也是一种中药...,fake,雄黄可以杀死新型冠状病毒
2020-03-28,据英国BBC3月27日报道，英国首相约翰逊·鲍里斯确诊新冠肺炎...,true,英国首相鲍里斯确诊新冠肺炎
2020-01-27,据了解...,fake,浙江27日起高速封路
2020-02-27,新型冠状病毒肺炎是乙类传染病，人群对新型冠状病毒普遍易感...,fake,喝茶能有效预防新型冠状病毒肺炎
2020-02-22,红外线测温的原理，是通过接收物体发射的红外线来检测的...,doubt,外出检测体温，最好测手腕！ 红外线测温仪伤害眼睛
2020-02-20,中国工程院副院长王辰：可能性是完全存在的，我们要做好准备,true,新冠病毒可能会长期存在
2020-02-07,“铜甘斯水”的这个传言，是彻头彻尾的骗局，从内容上不难看出...,fake,已找到破解病毒的离子技术，自制铜甘斯水可预防病毒
2020-01-29,多个平台回复：不实消息,fake,上海出租车网约车停运
2020-02-23,针对湖北武汉市中心医院急诊科主任艾芬感染新冠肺炎遭遇不幸一事...,fake,武汉中心医院急诊科主任艾芬感染新冠肺炎去世
2020-03-10,中国驻韩大使馆回应：为确保在韩中国公民的正常工作生活...,fake,中国驻韩国使馆3月份暂停办理中国护照
2020-01-30,丁香医生团队辟谣：30秒太短，真吹半小时容易受伤。还是好好洗手，做好清洁吧。,fake,电吹风对手和面部吹30秒能消毒
2020-02-02,流传视频并非一些自媒体所说的“飞机冲破封锁线，电影一样...,fake,直升飞机冲破封锁线，电影一样，直达武汉
2020-01-26,根据上海市徐汇区文旅局消息...,fake,武汉至上海旅游的5人入住建国宾馆并全部感染
2020-02-25,斯洛伐克总理彼得·佩列格里尼在社交媒体上表示：我坚决否认有人称我感...,fake,斯洛伐克总理彼得·佩列格里尼感染新冠肺炎
2020-01-23,奥司他韦对于新型冠状病毒的增殖和释放都是无能为力的...,fake,抗流感药物奥司他韦、利巴韦林能预防新型冠状病毒
2020-01-22,口罩正确的戴法是...,fake,口罩正确戴法：感冒时有颜色的朝外，没感冒反过来
2020-01-31,丁香医生团队辟谣：人体是恒温的，会散热。真保持体温 56℃ 半小时的话，那杀死的怕不只是病毒了,fake,喝60℃的水可以杀死病毒
2020-02-13,分析一个方案是否有效的直接方法是基于III期临床试验...,doubt,甘草酸二铵＋维生素C＋芦丁片可以缓解新冠肺炎
2020-01-29,经查证：系编造,fake,多喝单枞茶多吃草莓可防肺炎
2020-01-30,丁香医生团队辟谣：病毒更喜欢光滑无孔的表面，在毛织品上存活的时间最长不超过四小时。,fake,带毛领或绒线的外套容易吸附病毒
2020-02-04,2月4日17:58...,fake,三天后武汉所有超市、药店关门
2020-03-10,“吴好运入住泉州欣佳宾馆”信息不实。泉州警方表示...,fake,吴好运于泉州欣佳宾馆隔离期间死亡，没躲过追杀
2020-01-29,不论什么质地的衣服，都会被新型冠状病毒沾染...,doubt,不要穿毛衣或带毛领、绒线的衣服外套，容易吸附病毒
2020-02-28,鸡屎藤又名鸡矢藤，是一种常见的中药药材...,fake,鸡屎藤能预防新型冠状病毒
2020-02-29,北京市药监局表示，新型冠状病毒检测试剂盒暂未有家用版...,fake,新冠病毒家庭版试剂盒上市，在家指尖采血就可以测
2020-02-13,新型冠状病毒通过哺乳动物传播，植物不是它的宿主，也不会被它感染...,fake,吃野菜会感染新型冠状病毒
2020-01-30,武汉市第九医院辟谣：我院没出过这样的通知,fake,散步会感染新型冠状病毒肺炎
2020-03-11,在结构完整的情况下，口罩能吸附大量纸屑...,fake,合格的口罩会吸附大量纸屑，反之就是不合格的口罩
2020-01-29,十堰交管部门辟谣：假消息,fake,十堰为限行全城开启红灯
2020-01-25,新型冠状病毒并没有被命名为SARI...,fake,新型冠状病毒肺炎定名为SARI 
2020-04-13,近日，澳大利亚莫纳什大学研究团队发现...,fake,伊维菌素可以治疗新冠肺炎
2020-03-27,“出国及海外中国公民自愿登记”是中国外交部领事司于2013年开发并...,fake,西班牙的中国公民可登记信息，撤侨按照登记顺序进行
2020-02-12,这个说法是无稽之谈。男性的精液可不是杀毒剂，相反对病毒还很仁慈...,fake,男性精液能抑制新型冠状病毒
2020-03-04,降压药本身不会加重已感染新冠病毒的高血压患者病情...,fake,降压药会加重已感染新冠病毒的高血压患者病情
2020-01-29,丁香医生团队辟谣：没用，甚至可能中毒,fake,熏艾可以预防新冠
2020-02-29,目前没有太多关于伊朗病毒株的研究，直接说“伊朗的1株和美国一样...,fake,可以确定美国病毒是5株，中国2株，伊朗和美国一样
2020-02-14,血浆治疗，主要是恢复期的患者体内产生了特定抗体...,doubt,新冠病毒康复者的血浆能有效治疗重症患者
2020-03-23,3月22日，德国联邦政府发表声明...,true,德国总理默克尔居家隔离
2020-03-01,燃烧有烟和有焦味并不能作为判断口罩真假的标准...,fake,熔喷布燃烧无烟无焦，据此可以区分口罩真假
2020-02-23,网上购买的食物被新冠病毒污染的可能性非常低。实际上...,fake, 网上团购的生鲜食物会携带新冠病毒
2020-02-24,光催化设备的作用机制是利用光照射半导体材料形成的活性氧成分清除挥发...,doubt,使用光催化设备能有效预防新型冠状病毒感染
2020-01-25,针对网上有传新加坡拒绝超过116名来自武汉的旅客入境...,fake,新加坡拒绝超过116名来自武汉的旅客入境
2020-01-29,丁香医生团队辟谣：无论何时，接触了钱币都要洗手,fake,不要收现金，会感染新冠病毒
2020-04-11,经核实，4月8日15时30分左右...,fake,武汉大智路数码港有无症状新冠肺炎患者倒地
2020-02-14,有传言说，用苍术、川芎、白芷、艾叶、藿香、佩兰、薄荷制成香囊...,fake,香囊可以预防新型冠状病毒
2020-01-28,洗热水澡，一般来说都无法改变体内的温度...,fake,多洗热水澡可以预防新型冠状病毒肺炎
2020-03-23,据江苏省人民政府公告，经江苏省委、省政府同意...,true,江苏省政府公告开学时间，3月30日起分批次开学
2020-01-29,丁香医生团队澄清：在普通家居、出行生活中，不必考虑衣物材质和静电问题对病毒吸附的影响,true,带毛领或绒线的外套容易吸附病毒
2020-02-07,二氧化氯是一种很好的消毒剂，对于细菌和病毒都有良好的杀灭效果...,doubt,二氧化氯稀释后放进加湿器，可以有效预防新冠肺炎
2020-02-19,广州疾控中心辟谣：新型冠状病毒未发生明显的变异,fake,温州确诊病例有 40% 是变异病毒
2020-01-31,南京发布辟谣：从未收到过相关命令,fake,南京封城、封路
2020-02-15,化橘红是一种药材，也是川贝枇杷膏的主要成分之一...,doubt,化橘红可以缓解新型冠状病毒肺炎症状
2020-02-22,2月21日晚间...,fake,日媒：美疾控2月14日称部分流感患者死于新冠肺炎
2020-02-07,记者从南通市邮管局了解到，疫情防控期间...,fake,顺丰、邮政、京东快递2月7日起停运
2020-02-01,如果是想用挂烫机预防新冠病毒感——理论上挂烫机喷出的蒸汽温度显然超...,fake,挂烫机喷出的蒸汽可用于衣物消毒杀菌
2020-03-26,四川省教育厅于3月25日发布2020年春季学期开学有关事项的通知...,true,四川省教育厅已于3月25日确定高三初三开学时间
2020-01-31,广州医科大学附属第一医院辟谣：情况不实,fake,钟南山：全国人民在家隔离两周
2020-02-14,目前没有证据表明，隐形眼镜会增加新冠肺炎感染的风险...,fake,戴隐形眼镜会增加感染新冠病毒的几率
2020-04-02,经拱北警方核实，视频中的真实情况是：3月26日14时35分许...,fake,男子为了不隔离从澳门游泳回珠海
2020-01-24,这49家医院实际是发热门诊，并没有免费发口罩...,fake,深圳49家医院可免费领口罩
2020-02-04,非N95或外科口罩，即便不渗水，也不能抵抗新型肺炎病毒的传播...,fake,口罩接水不渗水，说明能抵抗新型冠状病毒肺炎
2020-02-04,根据国家卫健委发布的《新型冠状病毒感染的肺炎诊疗方案（试行第四版）...,fake,高温能杀病毒，让病人发烧到39.6度以上就能痊愈
2020-04-13,该研究受到了很多质疑...,doubt,剑桥研究可确定病毒有三个版本，原始版本美澳更常见
2020-02-22,部分省、自治区、直辖市根据当地具体情况出台了相应“减租”政策...,doubt,国家要求全部房东的出租行为，全部减免租金
2020-01-29,丁香医生团队辟谣：抗生素作用于细菌，对病毒无效。,fake,吃抗生素可以预防新冠
2020-01-29,丁香医生团队辟谣：不靠谱,fake,买不到口罩可以自制
2020-02-12,2月12日，上海市教委回复记者称，已注意到了网上流传的表格...,fake,上海市已经官宣5月1日开学
2020-01-31,丁香医生团队辟谣：不可以，不然微波炉和口罩都废了,fake,用微波炉加热口罩可以消毒
2020-02-19,丁香医生团队：交流要保持距离；病毒不会在空气中悬浮,doubt,喷嚏一打几米远，病毒可悬浮一天
2020-01-30,如果把保鲜膜覆盖在食物上，在微波炉里加热...,doubt,用棉布、保鲜膜、纱布自制口罩，可预防新冠病毒感染
2020-01-27,红葡萄酒中确实存在红酒多酚，据研究...,fake,喝红酒能抵抗新型冠状病毒，延缓病情发展
2020-03-12,该视频是真实的，也确实发生在意大利...,fake,意大利新冠疫情严重，军方动用坦克封城
2020-03-05,这一说法纯属编造，意大利前3例病例都是来自武汉的输入性病例...,fake,意大利零号病人是去夏威夷度假后被感染
2020-02-25,"首先，要能称一个东西是疫苗，至少也得显示出它能诱导产生抗体...",fake,口服新型冠状病毒疫苗已经研发成功
2020-01-24,长江日报记者从市新型肺炎防控指挥部获悉，该信息为谣言...,fake,汉口全封闭汉阳强限制武昌弱限制
2020-01-31,经记者晚间向南京市水务集团了解，该网上消息为谣言...,fake,南京自来水采用上限标准加氯消毒
2020-01-26,南京日报官宣称本单位查无此人，且从未采访过此内容...,fake,南京要封城停公交出租
2020-02-19,中日友好医院副院长曹彬教授：临床试验结果未出,doubt,瑞德西韦对治疗新冠肺炎有效
2020-01-30,丁香医生团队：交流要保持距离；尚未证实新冠病毒可以通过空气传播。,doubt,喷嚏一打几米远，病毒可悬浮24H
2020-02-19,钟南山团队回复：不同意这种说法,fake,烟民感染新冠病毒率远低于非烟民
2020-02-12,新冠病毒的主要传播途径是飞沫传播和接触传播...,doubt,阴雨天和大雾天会增加新冠病毒感染风险
2020-03-07,含氯消毒剂指的是在溶解于水时能产生次氯酸（盐）等为杀菌活性成分的消...,doubt,名字里带“氯”的消毒剂就是含氯消毒剂
2020-02-18,已经感染新冠病毒的轻症患者...,fake,轻症患者手粘唾液触碰眼口鼻会转化为重症
2020-02-25,中国-世界卫生组织新冠肺炎联合专家考察组：病毒尚未发生明显变异,true,新冠病毒尚未发生明显变异
2020-02-15,沉香是瑞香科植物白木香或沉香等树木的干燥木质结油部分，可制成香料...,fake,沉香可以预防新型冠状病毒
2020-02-09,该视频中的舞者名为胡世恒，是一名大学教师，并非李文亮...,fake,李文亮医生生前视频曝光
2020-01-28,医用紫外线灯能灭活新型冠状病毒...,true,医用紫外线灯能消灭新型冠状病毒
2020-01-26,目前没有正确的答案。从一般规律来看...,doubt,打开家里空调和取暖器，室温增高到30度能抗肺炎
2020-01-29,丁香医生团队辟谣：目前新冠病毒的感染已超出人兽范围,fake,不吃野味就不会被感染
2020-02-19,钟南山院士：目前磷酸氯喹还谈不上是特效药，但是有一定的帮助,doubt,磷酸氯喹是新冠肺炎特效药
2020-02-13,据上海市卫生健康委员会官微博@健康上海12320...,fake,疫情大爆发，上海新增确诊病例三千多例
2020-02-19,丁香医生团队：目前仅有动物实验，实验用的剂量和提取方式，和日常饮食摄入的还是有很大差距。,doubt,金银花有望防控新冠病毒感染
2020-03-01,据益阳市资阳区疾控中心核实，该信息为谣言。2月28日0-24时...,fake,湖南益阳一武大学生传染了爷爷，并接触790人
2020-02-22,声称“知网免费赠送论文查重券”的公众号...,fake,知网限时免费赠送论文查重券
2020-02-19,丁香医生团队：无充分证据表明沐舒坦能防止新冠肺炎,doubt,沐舒坦可以防止新冠肺炎
2020-02-03,泰国这位重症患者用的药大概率是抗HIV病毒的洛匹那韦-利托那韦...,doubt,泰国找到了新型冠状病毒特效药
2020-01-26,有一些初步研究显示乳铁蛋白对于婴儿可能有一定的健康益处...,fake,乳铁蛋白能预防新型冠状病毒
2020-02-08,一般家用的吹风机测试温度在55-75度左右...,fake,用吹风机最高档吹口罩30分钟可以消毒
2020-02-09,电动口罩能否预防新型冠状病毒要根据具体型号而定...,doubt,电动口罩可以预防新型冠状病毒
2020-01-29,丁香医生团队辟谣：无证据表明乳铁蛋白对病毒有用,fake,吃乳铁蛋白能预防新冠病毒
2020-01-31,根据国家标准，一星级消毒柜消毒210分钟可以灭活甲型流感病毒...,fake,用过的口罩放到消毒柜里消毒，可以继续防护新型肺炎
2020-03-02,据黄梅县人民政府通报：2月28日上午9:30左右...,true,湖北黄冈村民误服二氧化氯消毒片
2020-01-26,1月26日下午...,fake,为防控疫情，北京市即将封城
2020-02-19,北京地坛医院感染病急诊主任王凌航：不用担心新冠病毒会通过雪来传染,fake,千万别出门玩雪，会感染新冠病毒
2020-02-24,体液能不能造成感染，关键在于体液是怎么接触的以及接触了哪里...,doubt,接触到新冠肺炎患者的汗水就会感染新冠病毒
2020-02-12,网传“钟南山亲自送女儿援助湖北”图片...,fake,钟南山亲自送女儿援助湖北
2020-02-05,防溢乳垫贴的主要材质包括涤纶、拉绒棉、全面、无纺布、木浆棉等...,fake,防溢乳垫贴在非医用一次性口罩上能过滤病毒
2020-02-12,按照配比，约3份99.7%的无水乙醇加1份水...,true,99.7%的无水乙醇可以稀释到75%后作消毒用
2020-02-19,丁香医生团队辟谣：有这闲工夫，不如加点消毒水把衣服洗了,fake,挂烫机可杀灭衣服上的新冠病毒
2020-03-13,3月13日下午，武汉市青山区人民政府官方微博@青山政务回应称...,fake,武汉青山区某隔离点有32名因疫情失去监护人的孤儿
2020-01-28,海鲜不会传染新型冠状病毒。尽管此次疾病的起源是武汉的一个海鲜市场...,fake,海鲜会传染新型冠状病毒
2020-02-14,阿根廷人确实很钟爱喝马黛茶...,fake,因为喝马黛茶，阿根廷人很少得传染病
2020-02-20,买回家的蔬菜应该清洗。科学的做法是，吃前用流水冲洗蔬菜表面就可以...,fake,买回家的蔬菜必须用75%的酒精消毒
2020-02-22,根据国家卫健委解读《新型冠状病毒肺炎防控方案（第五版）》内容...,true,核酸检测结果阴性不能排除新型冠状病毒感染
2020-03-27,3月23日...,fake,中国出口捷克的新冠快速检测试剂错误率80%
2020-02-25,美国CDC确实说了新冠病毒可能会在美国出现大流行...,doubt,新冠肺炎疫情在美国早已爆发，美国还没缓过神来
2020-01-29,丁香医生团队辟谣：香蕉并不是新型冠状病毒的宿主,fake,新型肺炎是香蕉导致的
2020-01-31,丁香医生团队辟谣：从流感病毒的性质推测，病毒更喜欢光滑无孔的表面，在毛织品上留存时间更短。,fake,带毛领或绒线的外套容易吸附病毒
2020-03-31,3月27日，吉林省教育厅官网发布通知...,fake,吉林省教育厅于3月29日正式通知中小学延后开学
2020-03-15,附近居民认为该名代购没有遵守规定隔离，于是向警方进行了举报...,fake,北京一名代购韩国扫货回国后不隔离
2020-02-19,丁香医生团队：结论存疑，天气与病毒的关系较为复杂，针对新冠病毒尚无定论,doubt,下雪可以杀死病毒
2020-02-07,此类消毒通道在养殖场很常见...,fake,“猪场同款”消毒通道，可以有效预防新型冠状病毒
2020-03-11,南阳市新型冠状病毒感染肺炎疫情防控指挥部根据河南省新冠肺炎疫情防控...,true,政府通告：3月11日起南阳市全面恢复生产生活秩序
2020-02-02,2月1日22时许，@上海消防官方微博辟谣称...,fake,上海一居民家爆炸，因女的烧菜，男的做家务喷洒酒精
2020-03-18,3月17日，福建省教育考试院发布声明称...,fake,福建高三和初三年级3月23日开学
2020-01-21,降低感染新型冠状病毒风险的方法包括：用肥皂和清水或含有酒精的洗手液...,true,勤洗手和戴口罩可以降低新型冠状病毒感染风险
2020-02-19,丁香医生团队辟谣：喝进去不会作用于病毒,fake,喝高度酒能抵抗新冠病毒
2020-01-26,杭州市“冠状病毒肺炎”防控指挥部26日称，不存在“封城”等说法...,fake,杭州封城防控新型肺炎
2020-01-30,国家卫健委：冠状病毒对紫外线敏感,true,紫外线消毒灯能杀灭新冠病毒
2020-03-25,网传视频中的场景并非出现在喀麦隆...,fake,喀麦隆机场警察开枪射击感染新冠肺炎的乘客
2020-02-19,丁香医生团队：确实需要注意，建议将外穿的鞋子放置于门外,true,鞋要与居室隔离，不要放在家里
2020-02-04,“下水道传播病毒”只是事后的一个猜测。这种可能性有，但是很小...,doubt,03年香港淘大花园42人感染非典因下水道传播病毒
2020-01-29,丁香医生团队辟谣：吹风机吹或者喷洒酒精，都可能会破坏口罩的保护作用。,fake,用了7天的N95口罩酒精消毒可继续用
2020-02-12,头发覆盖于我们的头部...,fake,拔头两侧的白发可以防治新型冠状病毒肺炎
2020-01-30,丁香医生团队辟谣：病毒通过快件传播的风险极低，收完快件请及时洗手,fake,武汉来的快递要拒收
2020-02-03,解放日报·上观新闻记者拨打了上海市12320卫生热线...,fake,2月3日开始，上海市各医院实名制进院，包括家属
2020-01-31,丁香医生团队：无论何时，接触了现金都要洗手,doubt,不要收现金，会感染新冠病毒
2020-01-29,李兰娟院士辟谣：不能这样做,fake,全身喷洒酒精可起到消毒效果
2020-01-25,1月25日...,fake,四川高速封路
2020-03-02,据腾讯体育报道，并非“尤文图斯俱乐部有三名球员感染新冠病毒”...,fake,意大利尤文图斯俱乐部有三名球员感染新冠病毒
2020-01-29,东北网记者从黑龙江省公安厅高速公路交通管理局获悉，这条信息是谣言...,fake,28日黑龙江高速因抗击新冠肺炎疫情大范围封闭
2020-02-07,最近一篇讲述“气溶胶对冠状病毒的恐怖传播”的帖子火了...,doubt,气溶胶传播恐怖，不和患者见面吸入空气中病毒就感染
2020-02-06,目前没有看到任何科学证据显示槟榔能够预防或者治疗新冠病毒感染...,fake,吃槟榔可以预防新型冠状病毒感染
2020-01-31,经查证：系编造,fake,多喝单枞茶多吃草莓可防肺炎
2020-02-28,科技部社会发展科技司司长吴远彬：目前研究结论显示，呼吸道飞沫和密切接触传播仍然是主要传播途径,fake,新冠病毒传播途径有变化
2020-01-29,北京协和医院辟谣：该患者并未失联,fake,北京一确诊患者逃跑
2020-02-28,刘良教授已经在个人社交账号上辟谣：以下内容我不知道信息来源...,fake,急救改用吸痰机，武汉疫情一天死亡人数减半
2020-02-14,经温州市新型冠状病毒感染的肺炎疫情防控工作领导小组办公室确认...,fake,2月16日温州市居民出行正常化
2020-03-15,3月14日，武汉市硚口区委宣传部通过其官方微博回应了网传说法...,fake,武汉一家五口因发热瞒报被送医
2020-02-19,丁香医生团队辟谣：30 秒太短，真吹半小时容易受伤,fake,电吹风对手和面部吹 30 秒能消毒
2020-01-23,确定疾病传播模式...,fake,杭州医生提示：在人中涂风油精可有效预防呼吸道疾病
2020-02-27,经查证，此消息为谣言...,fake,长沙学校推迟至4月20日复课
2020-03-10,3月8日晚，武汉天河机场官方微博回复称...,fake,武汉天河机场复航日期已确定
2020-02-08,新型冠状病毒是RNA病毒，而乙肝病毒是DNA病毒，二者完全不一样...,fake,新冠病毒欺骗性强，治疗时表面转阴，但不产生抗体
2020-02-19,国家卫健委：没有母婴传播的证据，但必要的时候会和产科医生等共同讨论是否继续妊娠,doubt,怀孕后确诊新冠肺炎，孩子不能要
2020-01-31,丁香医生团队辟谣：不可以，不然微波炉和口罩都废了,fake,用微波炉加热口罩可以消毒
2020-02-01,首先，对于医用外科口罩...,doubt,戴过的口罩放进烤箱，60℃烤30分钟，可以反复用
2020-02-03,“净化下水道”仅仅是因为酵素有一定的酸性，效果还不如用醋或者可乐...,fake,喷洒环保酵素可以杀毒抑菌
2020-01-26,潜伏期指得是病原体侵入机体到最早临床症状出现这一段时间...,true,新型冠状病毒在潜伏期会传染
2020-04-03,经河北日报记者核实...,fake,河北省教育厅发布公告：河北各学校于4月10日开学
2020-01-31,世界卫生组织回应：目前没有证据显示狗猫等宠物会感染新型冠状病毒,doubt,人会传染宠物
2020-03-02,北京市药监局提示：普通市民家庭不可自行使用,fake,可在家使用新冠病毒试剂盒自测
2020-02-05,黄山等地网警已经对该信息进行了辟谣...,fake,湖北仙桃开来的轿车上有人被测出高温后逃跑
2020-02-01,目前有多个行业协会、一些省份的地方政府发起了为中小企业减免租金的倡...,doubt,国家一级响应：出租房2月免租，3、4月份免租半月
2020-03-04,经检索公开报道后发现，无论是日本主流媒体，还是社交网络...,fake,日本厂家推出一体化防护头盔
2020-01-29,丁香医生团队辟谣：新冠病毒对所有年龄组都易感,fake,病毒感染的都是老年人
2020-01-31,12122 路政服务热线核实：不存在「限制外牌车辆进入」的情况,fake,上海已限制外牌车辆进沪
2020-02-03,首先...,fake,新型冠状病毒插入的基因片段是精心选择，是人工病毒
2020-02-27,正常橘子并不携带病毒，手上也不会有病毒...,fake,疫情期间橘子不能边剥边吃
2020-02-26,该说法并不属实...,fake,韩国人去青岛躲避疫情导致航班爆满，入境不用被隔离
2020-03-07,世界卫生组织卫生紧急项目执行主任迈克尔·瑞安在日内瓦表示...,doubt,新冠病毒会在夏季自行消失
2020-02-19,丁香医生团队：现有研究证据不足，过度服用会中毒,doubt,服用 VC 可以预防感染
2020-01-29,丁香医生团队辟谣：吸烟没有任何好处,fake,吸烟就能预防病毒
2020-01-31,丁香医生团队辟谣：吹风机吹或者喷洒酒精，都可能破坏口罩的保护作用。,fake,用了7天的N95口罩消毒可继续用
2020-01-29,丁香医生团队辟谣：口罩正着戴才有用,fake,没感冒时，口罩反着戴
2020-02-25,涉事养老院为武汉市江岸区西马街椿萱里老人照护中心。据长江日报报道...,fake,武汉西马街养老院120个老人全感染新冠肺炎
2020-03-11,里皮近日确实接受了意大利广播电视公司的采访...,fake,里皮：中国下决心做一件事时执行力很强，除了足球
2020-01-29,李兰娟院士辟谣：现在发生的大量的病人根本就不用激素,fake,治疗主要靠激素，大概率会成为废人
2020-02-23,钟南山是否说过“确诊病例中无素食者”存疑。即便说过...,fake,钟南山：至今确诊一万多例，无一素食者感染新冠病毒
2020-02-19,丁香医生团队：可能会，但无症状感染者的传播力较弱,doubt,无症状患者也会传播新冠病毒
2020-02-18,磷酸氯喹最早是一个抗疟原虫的药...,doubt,磷酸氯喹是治疗新冠肺炎的特效药
2020-02-16,据中华人民共和国交通部，经国务院同意，决定在新冠肺炎疫情防控期间...,true,2月17日起至疫情防控结束全国高速所有车免费通行
2020-01-29,丁香医生团队辟谣：不能对抗病毒，还会有生命危险。,fake,用56℃的热水洗澡能对抗病毒
2020-02-10,需要先指出一下，国家卫健委再次申明...,fake,为了降低气溶胶传播几率，应该把二氧化氯放进加湿器
2020-02-19,剑桥大学病毒学助理研究员韩越：没有研究显示频繁喝水能预防新冠病毒感染,fake,保持喉咙湿润可以预防病毒
2020-03-13,较真团队查阅汨罗市人民政府官网发现...,fake,湖南汨罗新增19例新冠肺炎患者
2020-02-03,上海老盛昌餐饮管理有限公司表示：2020年2月2日上午10时10分...,fake,老盛昌包子铺老板确诊新型冠状病毒被送医院
2020-02-16,黄燕玲2015年毕业后就离开了武汉病毒研究所...,fake,武汉病毒所女研究生黄燕玲是新冠肺炎零号病人
2020-02-28,成龙在个人社交网络账号上否认自己感染新冠肺炎：“首先...,fake,成龙感染新型冠状病毒肺炎被隔离
2020-02-09,网传视频实际为“肯尼亚华侨华人捐赠的医疗物资装上货舱”相关视频...,fake, 澳洲华人捐赠的物资“乘专机”返华
2020-02-19,丁香医生团队辟谣：到目前为止，还没有专门用于预防和治疗新冠病毒的药物,fake,把某些药物敷在脚底可以防病毒
2020-01-25,25日，潇湘晨报记者从长沙市疾控中心了解到...,fake,湖南长沙：发现武汉牌照车辆就拨打疾控中心电话
2020-02-17,威士忌加蜂蜜加开水就相当于低度白酒加糖...,fake,威士忌加蜂蜜加开水对抗新冠肺炎有效
2020-01-29,丁香医生团队辟谣：板蓝根对新型冠状病毒无效,fake,吃板蓝根可以预防新冠
2020-02-09,南京公共交通（集团）有限公司官方微博@南京公交发布辟谣：朋友圈疯传...,fake,南京市乘坐公共交通工具要带身份证
2020-01-29,丁香医生团队辟谣：SARI是「严重急性呼吸道感染」的英文缩写,fake,新冠病毒定名为SARI
2020-01-30,丁香医生团队辟谣：口罩厚度不等同于防护效果，医用外科口罩摸上去比较薄，但过滤效率却很高。,fake,口罩越厚，防病毒效果越好
2020-02-08,“复方甲酚皂消毒液”的主要成分为甲酚，用于室内外环境物体表面消毒...,fake,复方甲酚皂能杀死新冠肺炎病毒
2020-04-10,首先这个视频记录的事件，并非“美国新冠肺炎患者跳海自杀”...,fake,美国新冠肺炎患者跳海自杀导致海盐污染，需要抢盐
2020-03-11,发布转发该消息的几乎都是自媒体，国内外各大媒体都无相关报道...,fake,中国捐助日本的检测试剂盒被美国强行拦截，已经用完
2020-01-29,北京市交通委辟谣：情况不实,fake,北京为防控疫情将封城
2020-01-29,黑龙江高速交警：系谣言,fake,黑龙江省高速公路封闭
2020-02-17,武汉大学人民医院陈长征研究组于预印本网站medRxiv（未经同行评...,doubt,新型冠状病毒会通过眼结膜传染
2020-02-22,丁香医生团队辟谣：土霉素和磷酸氯喹的分子式不同，化学结构不同，所属药物类别也不同,fake,磷酸氯喹就是原来的土霉素
2020-03-10,阿昔洛韦是1977年由Elion等人首次设计并合成的无环核苷类似物...,fake,抗病毒药阿昔洛韦能有效预防新冠肺炎
2020-01-29,武汉市城建局辟谣：正常建设中,fake,武汉「小汤山」将停工
2020-02-19,丁香医生团队辟谣：又难喝又没用，何必折腾自己呢,fake,红糖和姜葱蒜熬水喝可防新冠病毒
2020-01-29,丁香医生团队辟谣：30秒太短，真吹半小时容易受伤。,fake,电吹风对手和面部吹30秒能消毒
2020-01-25,郑州新闻广播记者拨打了12345市长热线，接线员说...,fake,郑州上午九点到十一点将空中喷洒消杀药物
2020-03-19,3月19日，布鲁克林篮网队官方微博辟谣称...,fake,NBA球员欧文等三人新冠病毒检测结果呈阳性
2020-03-24,网络流传的老人戴手环脚环的照片发生在香港，而不是内地...,fake,新冠肺炎患者治愈后要佩戴14天手环
2020-03-09,经查证，这是条假消息，2月份就流传过...,fake,市政府：3月16日居民出行正常化，17日公交正常
2020-01-30,丁香医生团队：现有研究证据不足，过度服用会中毒,doubt,服用VC可以预防感染
2020-01-29,丁香医生团队辟谣：熏醋杀不死新型冠状病毒,fake,熏醋可以预防新冠病毒
2020-01-29,丁香医生团队辟谣：适用于流感治疗，对新冠无效,fake,吃奥司他韦可以预防新冠
2020-01-23,钟南山院士并未给出盐水漱口防病毒的建议...,fake,钟南山院士建议盐水漱口防病毒
2020-03-08,在荆州e线民生网站（荆州市纪委党风政风监督室\荆州新闻网合办）上...,fake,政府已通告荆州将于3月10号解封复工
2020-03-22,经查证，民航局从来没有发布过类似计划...,fake,通知：全国的国际航班一律全部由上海承担飞行
2020-02-02,新型冠状病毒在不同温度和物体的存活数据尚不明确...,doubt,24℃下，新型冠状病毒在痰尿等物体上能存活好几天
2020-04-04,据甘肃省教育厅官网于4月3日发布的公告...,true,甘肃省已确定开学时间：4月9日起分批次有序开学
2020-02-17,垫餐巾纸并不能有效阻断新冠病毒。餐巾纸的主要原材料是木浆纤维...,fake,在口罩中间垫上餐巾纸可以有效阻断新冠病毒
2020-02-28,网上流传的“三万只羊入境”视频，发布日期都早于2月27日...,fake,视频：蒙古国捐赠中国的三万只羊正在二连浩特入境
2020-02-03,目前已经知道，新型冠状病毒对热敏感...,true,把饭做熟病毒就会被杀死
2020-02-28,经过查证，发现原来是这位博主翻译错误...,fake,美国疾控中心确认新冠病毒源头是美国
2020-02-22,目前新冠病毒的主要传播方式仍以飞沫和接触传播为主...,doubt,循环使用的地铁票会传播病毒
2020-02-15,目前由于等离子消毒的复杂性...,doubt,等离子空气消毒机可以杀灭新型冠状病毒
2020-02-13,我们常见的疾病...,fake,每15分钟喝一口水保持喉咙湿润可预防新型冠状病毒
2020-03-08,中国工程院副院长邓秀新表示，通过科学防疫，严格品控...,fake,湖北产地的水果不能吃
2020-02-03,新型冠状病毒主要通过飞沫传播...,true,中央空调存在传播新型冠状病毒的可能性
2020-03-07,根据上海市卫健委官方微博@健康上海12320 消息：经核查...,fake,支援武汉的上海52岁男医生感染新冠肺炎去世
2020-01-28,纸币在流通过程中难免会携带病毒、细菌、真菌等病原体...,doubt,新型冠状病毒会通过现金纸币传播，外出不要收现金
2020-01-28,N95口罩的使用，美国疾控中心发布了一个文件...,fake,用了7天的N95口罩用吹风机吹或酒精消毒可继续用
2020-03-25,根据哈佛大学校长劳伦斯·巴考本人在哈佛大学官方网站发布的消息...,true,哈佛大学校长夫妇确诊新冠肺炎
2020-01-29,最新发布的《新型冠状病毒感染的肺炎诊疗方案（试行第四版）》表明...,true,握手、拥抱也可能传播新型冠状肺炎病毒
2020-03-16,我们常见的疾病...,fake,日本医生建议：大量喝水保持喉咙湿润，预防新冠病毒
2020-02-19,丁香医生团队查证：钟南山院士没有说过此话,fake,钟南山：新冠肺炎治愈也有后遗症
2020-02-04,84消毒液主要成分为次氯酸钠...,doubt,消毒时，84消毒液与酒精不可混用，会产生氯气
2020-03-24,新型冠状病毒会通过鼻黏膜造成感染，预防上主要是勤洗手...,fake,每天用肥皂洗鼻窦可以降低感染肺炎风险
2020-01-29,杭州市“冠状病毒肺炎”防控指挥部：不实信息,fake,将有6万武汉人员来杭
2020-02-13,我们常见的细菌也可分为厌氧菌和非厌氧菌...,fake,进门前把衣物放到整理箱密封，4小时后细菌就死透了
2020-03-31,柠檬汁加小苏打，就是一种弱酸和一种弱碱的反应，能产生泡沫...,fake,喝柠檬苏打水可以预防新冠肺炎
2020-01-30,上海、大连等地的海关都相继进行了官方辟谣...,fake,海关代表国家征收邮寄的口罩
2020-01-29,丁香医生团队辟谣：不仅不能「杀毒」，还对健康有害,fake,燃放烟花可以预防感染
2020-01-30,丁香医生团队辟谣：洗热水澡也无法提升体内温度，不能对抗病毒，还可能会有生命危险。,fake,用56℃的热水洗澡能对抗病毒
2020-02-19,中国科学院武汉病毒研究所声明：黄燕玲未曾被 2019 新型冠状病毒感染，身体健康,fake,零号病人是武汉病毒研究所研究生
2020-02-25,该视频中的那一幕确实存在...,doubt,盘龙城美府明苑一女士为了出去买点肉，从十楼爬下来
2020-02-09,了解被感染者何时可将病毒传给他人对控制工作至关重要...,true,无症状患者也可以传播新型冠状病毒
2020-01-31,长沙市新型冠状病毒肺炎防控指挥部辟谣：错误说法,fake,看到鄂牌车辆就打长沙疾控电话
2020-01-30,1月30日，武汉市红十字会官博发消息，截至1月30日12时...,fake,武汉红十字会售卖山东寿光捐赠的蔬菜
2020-02-17,部分研究表明，鱼腥草具有抗病毒、抗菌、抗炎、解热等效果。但是...,fake,鱼腥草可以预防和治疗新型冠状病毒肺炎
2020-02-11,经记者实地采访获悉，该企业因生产需要今年春节未停工...,fake,苏州一企业提前开工员工确认感染，隔离200余人
2020-04-15,网传视频场景其实发生在2017年9月2日...,fake,特朗普请巫师到白宫施法以驱除新冠病毒
2020-03-02,刘良教授辟谣：没有干预过任何个例的临床治疗,fake,急救改用吸痰机，帮助武汉死亡人数减半
2020-01-30,丁香医生团队辟谣：人体是恒温的，会散热。真保持体温56℃半小时的话，那杀死的怕不只是病毒了,fake,喝60℃的水可以杀死病毒
2020-03-25,斯坦福卫生保健部门已经辟谣，流传的“十点提醒”并非来自斯坦福大学...,fake,来自斯坦福医院的关于新冠肺炎的十点提醒
2020-02-06,新型冠状病毒会通过飞沫进行传播，国内外权威机构建议...,true,吸入病毒携带者的二手烟可能会感染新型冠状病毒
2020-02-03,目前没有直接证据证明市面上常见的X露XX士家用消毒液可以灭活新型冠...,doubt,市面上常见的X露XX士消毒液可以消灭新型冠状病毒
2020-01-29,根据中国知网的官方消息...,fake,1月29日知网可以免费下载论文
2020-02-15,通过水果传染新冠病毒...,fake,疫情期间吃水果必须削皮
2020-02-22,俄卫生部官方答复“俄罗斯联邦卫生部《新型冠状病毒感染预防、诊断和治...,fake,俄罗斯科学家验证新冠病毒为人工合成病毒
2020-01-28,这是断章取义的假消息。真实情况是...,fake,日本派遣1000人医疗队前往武汉
2020-01-31,丁香医生团队辟谣：吹风机吹或者喷洒酒精，都可能破坏口罩的保护作用,fake,用了7天的N95口罩消毒可继续用
2020-02-07,普通人用的口罩一般分为三层...,fake,口罩嘴巴处垫一张对折纸巾，可以延迟口罩的使用时间
2020-02-19,丁香医生团队辟谣：抗生素作用于细菌，对病毒无效,fake,吃抗生素可以预防新冠病毒
2020-02-21,网传的所谓“结束日期”其实是某分析师用数据计算的病毒传播模型预测出...,fake,全国30个省市疫情结束倒计时已正式公布
2020-03-17,3月17日，中国科学院武汉病毒研究所发表声明称...,fake,石正丽警告：对疫情不必太乐观，蚊虫或成第三宿主
2020-03-21,斯坦福大学在社交媒体上发布辟谣信息称...,fake,斯坦福大学：能憋气10秒就没感染新冠病毒
2020-02-29,台湾节目里说美国去年爆发的跟电子烟有关的肺炎，是新冠病毒引起...,fake,美国的电子烟肺炎是新型冠状病毒导致
2020-01-30,丁香医生团队辟谣：30秒太短，真吹半小时容易受伤,fake,电吹风对手和面部吹30秒能消毒
2020-01-30,疗效尚待验证。1月24日...,doubt,玉屏风颗粒对新型肺炎有效
2020-01-26,杭州市卫健委称：经核实...,fake,明天早上四点杭州飞机洒消毒药水，大家别出门
2020-02-19,李兰娟院士辟谣：日常不用戴手套,fake,比口罩更重要的是手套
2020-01-27,阿司匹林是一个经典老药，属于非甾体抗炎药（NSAIDs）...,fake,阿司匹林能有效延缓新冠肺炎病情
2020-02-17,这是个老旧谣言...,fake,华南海鲜市场供货商徐翠芹发文忏悔
2020-02-19,丁香医生团队辟谣：确诊患者不需要自己承担费用，各级财政会进行兜底,fake,确诊患者治疗要自费 40%
2020-01-25,@武汉新闻广播 官方微博辟谣...,fake,武汉市第四医院武胜路院区急诊停诊
2020-02-15,共用水银腋下体温计不会造成交叉感染...,fake,共用水银腋下体温针会造成交叉传染
2020-02-15,这只是将想象当成事实和错误的解读数据导致的误解...,fake,印度南部新冠肺炎大爆发，几十人确诊数千人隔离
2020-02-23,中科院研究人员通过对93个新冠病毒的全基因组数据进行分析...,true,研究发现新冠病毒的源头不是华南海鲜市场
2020-03-17,网上流传的《老人报》报道截图...,fake,《老人报》八年前预测新型冠状病毒会输入爆发
2020-03-28,津云记者询问了天津市教委有关工作人员...,fake,天津市教育局于3月27日公布中小学及高校开学时间
2020-02-09,干手器不能有效杀死2019-nCoV...,fake,公共厕所常见的干手器能在30秒内杀死新型冠状病毒
2020-01-28,新京报记者从多家超市和市场了解到，这是不实消息...,fake,北京超市、菜市场要关门一周
2020-01-21,农业上确实有在大棚中燃烧硫磺杀灭害虫细菌的做法...,fake,放烟花爆竹可以消毒，预防瘟疫
2020-01-29,丁香医生团队辟谣：杀死新冠病毒至少需要 56℃，30 分钟,fake,桑拿、汗蒸能预防新冠病毒
2020-01-29,人民日报辟谣：各城市版本的都是谣言！,fake,某某城市飞机喷洒消毒药水
2020-01-31,丁香医生团队：现有研究证据不足，过度服用会中毒,doubt,服用VC可以预防感染
2020-03-13,意大利驻华使馆官方微博回应称，网络流传的清单是虚假的...,fake,意大利大使馆防疫物资采购清单流出
2020-01-29,新浪捉谣记查证：系造谣,fake,多喝单枞茶多吃草莓可防肺炎
2020-02-10,钟南山没有说过这样的话。1月31日...,fake,钟南山：新冠肺炎治愈后会留后遗症，比SARS严重
2020-02-19,丁香医生团队辟谣：适用于流感治疗，目前还没有证据表明奥司他韦能治疗新冠病毒感染,fake,吃奥司他韦可以预防新冠病毒
2020-01-29,西宁官方辟谣：不属实,fake,西宁将关闭超市菜场
2020-02-21,疫情会结束，但钟南山院士真的没这么说...,fake,钟南山预测：3月10日后各地将陆续解除限制
2020-03-22,《国家地理》杂志已经对这些图片进行了查证...,fake,受疫情影响，游客减少，威尼斯出现天鹅和海豚游泳
2020-01-31,丁香医生团队：无论何时，接触了钱币都要洗手,doubt,不要收现金，会感染新冠病毒
2020-04-07,美国疾病控制与预防中心（CDC）的一篇报告指出：“由于新型冠状病毒...,fake,停止食用烘焙食品！食用烘焙食品容易感染新冠病毒
2020-02-19,国家卫健委：冠状病毒对紫外线敏感,true,紫外线消毒灯能杀灭新冠病毒
2020-02-10,尿不湿外层（防漏层）的阻水效果主要依赖微孔膜实现...,fake,用纸尿裤（尿不湿）制作口罩可防护新型冠状病毒感染
2020-02-13,“日本冠状病毒防疫指南”并非日本官方指南...,fake,网上流传的“日本冠状病毒防疫指南”是日本官方指南
2020-02-13,较真团队通过短信向宋勇教授求证...,fake,有空看看，东部战区总院呼吸科权威宋勇新冠病毒回答
2020-02-13,肺脏的健康评估是一项多方面且比较复杂的体系...,fake,肺部自测：憋气50秒以上，肺功能强大
2020-02-04,之所以提出建议使用CT影像替代核酸检测...,doubt,别迷信核酸检测，应用CT影像作为新冠肺炎确诊标准
2020-01-29,新加坡移民局辟谣：假的,fake,新加坡拒武汉旅客入境
2020-04-16,美国团队的这项研究通过抽取60位疑似感染新冠病毒患者的唾液标本和鼻...,doubt,美国基于唾液的新冠病毒检测方法准确率100%
2020-02-05,经查，这并非事实。美国从武汉撤侨时，并未给中国运送过防疫物资...,fake,美国选择货机撤侨，是给中国送防疫物资
2020-01-31,这是条老谣言了，早在2016年就开始传播...,fake,别吃鱼肉，特别是草鱼做的酸菜鱼水煮鱼，会感染病毒
2020-04-07,北京市委教育工委、市教委明确表示“北京9月1日前不开学”是一条虚假...,fake,北京某区教委初步确认9月1日前不开学
2020-01-22,支付宝官方微博公开辟谣：“这是网传‘维智科技’的制图...,fake,支付宝提供了在武汉海鲜市场的支付数据
2020-02-19,钟南山院士团队辟谣：漱口没有办法清洁呼吸道,fake,盐水漱口能预防感染新冠病毒
